Workbook

Sheet How to use
A1: How to use this Gantt chart
A2: 1. Each Friday, fill in the yellow cells on the Gantt sheet: actual start, actual end and % complete for anything you worked on.
A3: 2. Typing 100% in % complete ticks the task off (✓) and colours its status green.
A4: 3. Status updates by itself from today's date: Not started, On track, Behind (less done than the time used suggests), Late (past the planned end), Done.
A5: 4. If a task slips, change its Planned start and end, write the reason in Notes, and add a row to the Change log. Never edit the Baseline columns: they are the original plan the mid-term review compares against.
A6: 5. Slip vs baseline shows, in weeks, how far each task has moved from the original plan (red when late).
A7: 6. Critical tasks (red bars) have no float: if one slips, the tasks after it slip too. Non-critical tasks (grey) can use their float (hatched) without delaying the project.
A8: 7. ● marks the weeks you actually worked on a task (from Actual start to Actual end, or to today if it is still running). ◆ marks a milestone.
A9: 8. Week 1 starts on Monday 19 October 2026. Assessment dates (mid-term, report, demonstration) are planned dates: confirm them on Blackboard under Assessment Feedback and update the milestones.
A10: 9. For the mid-term review, print or screenshot the Gantt sheet with the Change log: together they are the original and revised plan the handbook asks for.

Sheet Gantt
A1: EE3EPJ Project Gantt Chart: AdaptEnergy (Adaptive Closed-Loop Home Energy Controller)
A2: Oluwatomisin Agbaje · 240369394 · Supervisors: Dr Faisal M Shah, Dr Andrew Cross · baseline agreed 23 Oct 2026
B3: Week 1 starts (Monday) | D3: 46314 | G3: Current week | I3: =INT((D4-D3)/7)+1 -> 1 | K3: Tasks behind or late | N3: =COUNTIF(P8:P78,"Behind")+COUNTIF(P8:P78,"Late")+COUNTIF(P8:P78,"Overdue") -> 6
B4: Today | D4: =TODAY() -> 46318 | G4: Overall progress | I4: =IFERROR(SUMIFS(S8:S78,C8:C78,"Task")/SUMIFS(K8:K78,C8:C78,"Task"),0) -> 0 | K4: Milestones done | N4: =COUNTIFS(C8:C78,"Milestone",R8:R78,"✓")&" of "&COUNTIF(C8:C78,"Milestone") -> 1 of 14
U5: Week number (top) and Monday date (below). ● = actual work, ◆ = milestone
A6: ID | B6: Task | C6: Type | D6: Objective | E6: Depends on | F6: Critical? | G6: Baseline start | H6: Baseline end | I6: Planned start | J6: Planned end | K6: Duration (wks) | L6: Float (wks) | M6: Actual start | N6: Actual end | O6: % complete | P6: Status | Q6: Slip vs baseline (wks) | R6: Done | S6: Earned (wks) | T6: Notes / reason for change | U6: 1 | V6: 2 | W6: 3 | X6: 4 | Y6: 5 | Z6: 6 | AA6: 7 | AB6: 8 | AC6: 9 | AD6: 10 | AE6: 11 | AF6: 12 | AG6: 13 | AH6: 14 | AI6: 15 | AJ6: 16 | AK6: 17 | AL6: 18 | AM6: 19 | AN6: 20 | AO6: 21 | AP6: 22 | AQ6: 23 | AR6: 24 | AS6: 25 | AT6: 26 | AU6: 27 | AV6: 28 | AW6: 29 | AX6: 30 | AY6: 31 | AZ6: 32
U7: =$D$3+7*(U$6-1) -> 46314 | V7: =$D$3+7*(V$6-1) -> 46321 | W7: =$D$3+7*(W$6-1) -> 46328 | X7: =$D$3+7*(X$6-1) -> 46335 | Y7: =$D$3+7*(Y$6-1) -> 46342 | Z7: =$D$3+7*(Z$6-1) -> 46349 | AA7: =$D$3+7*(AA$6-1) -> 46356 | AB7: =$D$3+7*(AB$6-1) -> 46363 | ... AZ7: =$D$3+7*(AZ$6-1) -> 46531
B8: Project management | C8: Group
A9: PM1 | B9: Proposal review | C9: Milestone | F9: Yes | G9: 46316 | H9: 46316 | I9: 46316 | J9: 46316 | K9: =IF(C9="Task",ROUND((J9-I9+3)/7,0),"") | N9: 46316 | P9: =IF(C9="Break","",IF(C9="Milestone",IF(N9<>"","Done",IF($D$4>J9,"Overdue","Upcoming")),IF(N(O9)>=1,"Done",IF($D$4<I9,"Not started",IF($D$4>J9,"Late",IF(N(O9)+0.1<($D$4-I9+1)/(J9-I9+1),"Behind","On track")))))) -> Done | Q9: =IF(C9="Break","",ROUND((IF(N9<>"",N9,J9)-H9)/7,1)) -> 0 | R9: =IF(C9="Milestone",IF(N9<>"","✓",""),IF(AND(C9="Task",N(O9)>=1),"✓","")) -> ✓ | S9: =IF(C9="Task",K9*N(O9),"") | T9: Held 21 Oct 2026; mark 46.9%; feedback built into the v5 deck and this plan | U9: =IF($C9="Milestone",IF(AND(U$7<=$I9,U$7+6>=$I9),"◆",""),IF(AND($C9="Task",$M9<>"",U$7<=IF($N9="",$D$4,$N9),U$7+6>=$M9),"●","")) -> ◆ | V9: =IF($C9="Milestone",IF(AND(V$7<=$I9,V$7+6>=$I9),"◆",""),IF(AND($C9="Task",$M9<>"",V$7<=IF($N9="",$D$4,$N9),V$7+6>=$M9),"●","")) | W9: =IF($C9="Milestone",IF(AND(W$7<=$I9,W$7+6>=$I9),"◆",""),IF(AND($C9="Task",$M9<>"",W$7<=IF($N9="",$D$4,$N9),W$7+6>=$M9),"●","")) | X9: =IF($C9="Milestone",IF(AND(X$7<=$I9,X$7+6>=$I9),"◆",""),IF(AND($C9="Task",$M9<>"",X$7<=IF($N9="",$D$4,$N9),X$7+6>=$M9),"●","")) | Y9: =IF($C9="Milestone",IF(AND(Y$7<=$I9,Y$7+6>=$I9),"◆",""),IF(AND($C9="Task",$M9<>"",Y$7<=IF($N9="",$D$4,$N9),Y$7+6>=$M9),"●","")) | Z9: =IF($C9="Milestone",IF(AND(Z$7<=$I9,Z$7+6>=$I9),"◆",""),IF(AND($C9="Task",$M9<>"",Z$7<=IF($N9="",$D$4,$N9),Z$7+6>=$M9),"●","")) | AA9: =IF($C9="Milestone",IF(AND(AA$7<=$I9,AA$7+6>=$I9),"◆",""),IF(AND($C9="Task",$M9<>"",AA$7<=IF($N9="",$D$4,$N9),AA$7+6>=$M9),"●","")) | AB9: =IF($C9="Milestone",IF(AND(AB$7<=$I9,AB$7+6>=$I9),"◆",""),IF(AND($C9="Task",$M9<>"",AB$7<=IF($N9="",$D$4,$N9),AB$7+6>=$M9),"●","")) | ... AZ9: =IF($C9="Milestone",IF(AND(AZ$7<=$I9,AZ$7+6>=$I9),"◆",""),IF(AND($C9="Task",$M9<>"",AZ$7<=IF($N9="",$D$4,$N9),AZ$7+6>=$M9),"●",""))
A10: PM2 | B10: Confirm Blackboard tasks (ethics, H&S, codes, inclusion) signed and uploaded | C10: Task | F10: Yes | G10: 46321 | H10: 46325 | I10: 46321 | J10: 46325 | K10: =IF(C10="Task",ROUND((J10-I10+3)/7,0),"") -> 1 | L10: 0 | P10: =IF(C10="Break","",IF(C10="Milestone",IF(N10<>"","Done",IF($D$4>J10,"Overdue","Upcoming")),IF(N(O10)>=1,"Done",IF($D$4<I10,"Not started",IF($D$4>J10,"Late",IF(N(O10)+0.1<($D$4-I10+1)/(J10-I10+1),"Behind","On track")))))) -> Not started | Q10: =IF(C10="Break","",ROUND((IF(N10<>"",N10,J10)-H10)/7,1)) -> 0 | R10: =IF(C10="Milestone",IF(N10<>"","✓",""),IF(AND(C10="Task",N(O10)>=1),"✓","")) | S10: =IF(C10="Task",K10*N(O10),"") -> 0 | U10: =IF($C10="Milestone",IF(AND(U$7<=$I10,U$7+6>=$I10),"◆",""),IF(AND($C10="Task",$M10<>"",U$7<=IF($N10="",$D$4,$N10),U$7+6>=$M10),"●","")) | V10: =IF($C10="Milestone",IF(AND(V$7<=$I10,V$7+6>=$I10),"◆",""),IF(AND($C10="Task",$M10<>"",V$7<=IF($N10="",$D$4,$N10),V$7+6>=$M10),"●","")) | W10: =IF($C10="Milestone",IF(AND(W$7<=$I10,W$7+6>=$I10),"◆",""),IF(AND($C10="Task",$M10<>"",W$7<=IF($N10="",$D$4,$N10),W$7+6>=$M10),"●","")) | X10: =IF($C10="Milestone",IF(AND(X$7<=$I10,X$7+6>=$I10),"◆",""),IF(AND($C10="Task",$M10<>"",X$7<=IF($N10="",$D$4,$N10),X$7+6>=$M10),"●","")) | Y10: =IF($C10="Milestone",IF(AND(Y$7<=$I10,Y$7+6>=$I10),"◆",""),IF(AND($C10="Task",$M10<>"",Y$7<=IF($N10="",$D$4,$N10),Y$7+6>=$M10),"●","")) | Z10: =IF($C10="Milestone",IF(AND(Z$7<=$I10,Z$7+6>=$I10),"◆",""),IF(AND($C10="Task",$M10<>"",Z$7<=IF($N10="",$D$4,$N10),Z$7+6>=$M10),"●","")) | AA10: =IF($C10="Milestone",IF(AND(AA$7<=$I10,AA$7+6>=$I10),"◆",""),IF(AND($C10="Task",$M10<>"",AA$7<=IF($N10="",$D$4,$N10),AA$7+6>=$M10),"●","")) | AB10: =IF($C10="Milestone",IF(AND(AB$7<=$I10,AB$7+6>=$I10),"◆",""),IF(AND($C10="Task",$M10<>"",AB$7<=IF($N10="",$D$4,$N10),AB$7+6>=$M10),"●","")) | ... AZ10: =IF($C10="Milestone",IF(AND(AZ$7<=$I10,AZ$7+6>=$I10),"◆",""),IF(AND($C10="Task",$M10<>"",AZ$7<=IF($N10="",$D$4,$N10),AZ$7+6>=$M10),"●",""))
A11: PM3 | B11: Set up hardback logbook; first signed entry | C11: Task | F11: No | G11: 46321 | H11: 46325 | I11: 46314 | J11: 46325 | K11: =IF(C11="Task",ROUND((J11-I11+3)/7,0),"") -> 2 | L11: 0 | P11: =IF(C11="Break","",IF(C11="Milestone",IF(N11<>"","Done",IF($D$4>J11,"Overdue","Upcoming")),IF(N(O11)>=1,"Done",IF($D$4<I11,"Not started",IF($D$4>J11,"Late",IF(N(O11)+0.1<($D$4-I11+1)/(J11-I11+1),"Behind","On track")))))) -> Behind | Q11: =IF(C11="Break","",ROUND((IF(N11<>"",N11,J11)-H11)/7,1)) -> 0 | R11: =IF(C11="Milestone",IF(N11<>"","✓",""),IF(AND(C11="Task",N(O11)>=1),"✓","")) | S11: =IF(C11="Task",K11*N(O11),"") -> 0 | U11: =IF($C11="Milestone",IF(AND(U$7<=$I11,U$7+6>=$I11),"◆",""),IF(AND($C11="Task",$M11<>"",U$7<=IF($N11="",$D$4,$N11),U$7+6>=$M11),"●","")) | V11: =IF($C11="Milestone",IF(AND(V$7<=$I11,V$7+6>=$I11),"◆",""),IF(AND($C11="Task",$M11<>"",V$7<=IF($N11="",$D$4,$N11),V$7+6>=$M11),"●","")) | W11: =IF($C11="Milestone",IF(AND(W$7<=$I11,W$7+6>=$I11),"◆",""),IF(AND($C11="Task",$M11<>"",W$7<=IF($N11="",$D$4,$N11),W$7+6>=$M11),"●","")) | X11: =IF($C11="Milestone",IF(AND(X$7<=$I11,X$7+6>=$I11),"◆",""),IF(AND($C11="Task",$M11<>"",X$7<=IF($N11="",$D$4,$N11),X$7+6>=$M11),"●","")) | Y11: =IF($C11="Milestone",IF(AND(Y$7<=$I11,Y$7+6>=$I11),"◆",""),IF(AND($C11="Task",$M11<>"",Y$7<=IF($N11="",$D$4,$N11),Y$7+6>=$M11),"●","")) | Z11: =IF($C11="Milestone",IF(AND(Z$7<=$I11,Z$7+6>=$I11),"◆",""),IF(AND($C11="Task",$M11<>"",Z$7<=IF($N11="",$D$4,$N11),Z$7+6>=$M11),"●","")) | AA11: =IF($C11="Milestone",IF(AND(AA$7<=$I11,AA$7+6>=$I11),"◆",""),IF(AND($C11="Task",$M11<>"",AA$7<=IF($N11="",$D$4,$N11),AA$7+6>=$M11),"●","")) | AB11: =IF($C11="Milestone",IF(AND(AB$7<=$I11,AB$7+6>=$I11),"◆",""),IF(AND($C11="Task",$M11<>"",AB$7<=IF($N11="",$D$4,$N11),AB$7+6>=$M11),"●","")) | ... AZ11: =IF($C11="Milestone",IF(AND(AZ$7<=$I11,AZ$7+6>=$I11),"◆",""),IF(AND($C11="Task",$M11<>"",AZ$7<=IF($N11="",$D$4,$N11),AZ$7+6>=$M11),"●",""))
A12: PM4 | B12: Technical risk register v1 (review every fortnight after) | C12: Task | F12: No | G12: 46321 | H12: 46325 | I12: 46314 | J12: 46325 | K12: =IF(C12="Task",ROUND((J12-I12+3)/7,0),"") -> 2 | L12: 1 | P12: =IF(C12="Break","",IF(C12="Milestone",IF(N12<>"","Done",IF($D$4>J12,"Overdue","Upcoming")),IF(N(O12)>=1,"Done",IF($D$4<I12,"Not started",IF($D$4>J12,"Late",IF(N(O12)+0.1<($D$4-I12+1)/(J12-I12+1),"Behind","On track")))))) -> Behind | Q12: =IF(C12="Break","",ROUND((IF(N12<>"",N12,J12)-H12)/7,1)) -> 0 | R12: =IF(C12="Milestone",IF(N12<>"","✓",""),IF(AND(C12="Task",N(O12)>=1),"✓","")) | S12: =IF(C12="Task",K12*N(O12),"") -> 0 | U12: =IF($C12="Milestone",IF(AND(U$7<=$I12,U$7+6>=$I12),"◆",""),IF(AND($C12="Task",$M12<>"",U$7<=IF($N12="",$D$4,$N12),U$7+6>=$M12),"●","")) | V12: =IF($C12="Milestone",IF(AND(V$7<=$I12,V$7+6>=$I12),"◆",""),IF(AND($C12="Task",$M12<>"",V$7<=IF($N12="",$D$4,$N12),V$7+6>=$M12),"●","")) | W12: =IF($C12="Milestone",IF(AND(W$7<=$I12,W$7+6>=$I12),"◆",""),IF(AND($C12="Task",$M12<>"",W$7<=IF($N12="",$D$4,$N12),W$7+6>=$M12),"●","")) | X12: =IF($C12="Milestone",IF(AND(X$7<=$I12,X$7+6>=$I12),"◆",""),IF(AND($C12="Task",$M12<>"",X$7<=IF($N12="",$D$4,$N12),X$7+6>=$M12),"●","")) | Y12: =IF($C12="Milestone",IF(AND(Y$7<=$I12,Y$7+6>=$I12),"◆",""),IF(AND($C12="Task",$M12<>"",Y$7<=IF($N12="",$D$4,$N12),Y$7+6>=$M12),"●","")) | Z12: =IF($C12="Milestone",IF(AND(Z$7<=$I12,Z$7+6>=$I12),"◆",""),IF(AND($C12="Task",$M12<>"",Z$7<=IF($N12="",$D$4,$N12),Z$7+6>=$M12),"●","")) | AA12: =IF($C12="Milestone",IF(AND(AA$7<=$I12,AA$7+6>=$I12),"◆",""),IF(AND($C12="Task",$M12<>"",AA$7<=IF($N12="",$D$4,$N12),AA$7+6>=$M12),"●","")) | AB12: =IF($C12="Milestone",IF(AND(AB$7<=$I12,AB$7+6>=$I12),"◆",""),IF(AND($C12="Task",$M12<>"",AB$7<=IF($N12="",$D$4,$N12),AB$7+6>=$M12),"●","")) | ... AZ12: =IF($C12="Milestone",IF(AND(AZ$7<=$I12,AZ$7+6>=$I12),"◆",""),IF(AND($C12="Task",$M12<>"",AZ$7<=IF($N12="",$D$4,$N12),AZ$7+6>=$M12),"●",""))
A13: PM5 | B13: Supervisor meetings, fortnightly, with minutes (term 1) | C13: Task | F13: No | G13: 46314 | H13: 46374 | I13: 46314 | J13: 46374 | K13: =IF(C13="Task",ROUND((J13-I13+3)/7,0),"") -> 9 | L13: 0 | P13: =IF(C13="Break","",IF(C13="Milestone",IF(N13<>"","Done",IF($D$4>J13,"Overdue","Upcoming")),IF(N(O13)>=1,"Done",IF($D$4<I13,"Not started",IF($D$4>J13,"Late",IF(N(O13)+0.1<($D$4-I13+1)/(J13-I13+1),"Behind","On track")))))) -> On track | Q13: =IF(C13="Break","",ROUND((IF(N13<>"",N13,J13)-H13)/7,1)) -> 0 | R13: =IF(C13="Milestone",IF(N13<>"","✓",""),IF(AND(C13="Task",N(O13)>=1),"✓","")) | S13: =IF(C13="Task",K13*N(O13),"") -> 0 | U13: =IF($C13="Milestone",IF(AND(U$7<=$I13,U$7+6>=$I13),"◆",""),IF(AND($C13="Task",$M13<>"",U$7<=IF($N13="",$D$4,$N13),U$7+6>=$M13),"●","")) | V13: =IF($C13="Milestone",IF(AND(V$7<=$I13,V$7+6>=$I13),"◆",""),IF(AND($C13="Task",$M13<>"",V$7<=IF($N13="",$D$4,$N13),V$7+6>=$M13),"●","")) | W13: =IF($C13="Milestone",IF(AND(W$7<=$I13,W$7+6>=$I13),"◆",""),IF(AND($C13="Task",$M13<>"",W$7<=IF($N13="",$D$4,$N13),W$7+6>=$M13),"●","")) | X13: =IF($C13="Milestone",IF(AND(X$7<=$I13,X$7+6>=$I13),"◆",""),IF(AND($C13="Task",$M13<>"",X$7<=IF($N13="",$D$4,$N13),X$7+6>=$M13),"●","")) | Y13: =IF($C13="Milestone",IF(AND(Y$7<=$I13,Y$7+6>=$I13),"◆",""),IF(AND($C13="Task",$M13<>"",Y$7<=IF($N13="",$D$4,$N13),Y$7+6>=$M13),"●","")) | Z13: =IF($C13="Milestone",IF(AND(Z$7<=$I13,Z$7+6>=$I13),"◆",""),IF(AND($C13="Task",$M13<>"",Z$7<=IF($N13="",$D$4,$N13),Z$7+6>=$M13),"●","")) | AA13: =IF($C13="Milestone",IF(AND(AA$7<=$I13,AA$7+6>=$I13),"◆",""),IF(AND($C13="Task",$M13<>"",AA$7<=IF($N13="",$D$4,$N13),AA$7+6>=$M13),"●","")) | AB13: =IF($C13="Milestone",IF(AND(AB$7<=$I13,AB$7+6>=$I13),"◆",""),IF(AND($C13="Task",$M13<>"",AB$7<=IF($N13="",$D$4,$N13),AB$7+6>=$M13),"●","")) | ... AZ13: =IF($C13="Milestone",IF(AND(AZ$7<=$I13,AZ$7+6>=$I13),"◆",""),IF(AND($C13="Task",$M13<>"",AZ$7<=IF($N13="",$D$4,$N13),AZ$7+6>=$M13),"●",""))
A14: PM6 | B14: Supervisor meetings, weekly, with minutes (term 2) | C14: Task | F14: No | G14: 46412 | H14: 46500 | I14: 46412 | J14: 46500 | K14: =IF(C14="Task",ROUND((J14-I14+3)/7,0),"") -> 13 | L14: 0 | P14: =IF(C14="Break","",IF(C14="Milestone",IF(N14<>"","Done",IF($D$4>J14,"Overdue","Upcoming")),IF(N(O14)>=1,"Done",IF($D$4<I14,"Not started",IF($D$4>J14,"Late",IF(N(O14)+0.1<($D$4-I14+1)/(J14-I14+1),"Behind","On track")))))) -> Not started | Q14: =IF(C14="Break","",ROUND((IF(N14<>"",N14,J14)-H14)/7,1)) -> 0 | R14: =IF(C14="Milestone",IF(N14<>"","✓",""),IF(AND(C14="Task",N(O14)>=1),"✓","")) | S14: =IF(C14="Task",K14*N(O14),"") -> 0 | U14: =IF($C14="Milestone",IF(AND(U$7<=$I14,U$7+6>=$I14),"◆",""),IF(AND($C14="Task",$M14<>"",U$7<=IF($N14="",$D$4,$N14),U$7+6>=$M14),"●","")) | V14: =IF($C14="Milestone",IF(AND(V$7<=$I14,V$7+6>=$I14),"◆",""),IF(AND($C14="Task",$M14<>"",V$7<=IF($N14="",$D$4,$N14),V$7+6>=$M14),"●","")) | W14: =IF($C14="Milestone",IF(AND(W$7<=$I14,W$7+6>=$I14),"◆",""),IF(AND($C14="Task",$M14<>"",W$7<=IF($N14="",$D$4,$N14),W$7+6>=$M14),"●","")) | X14: =IF($C14="Milestone",IF(AND(X$7<=$I14,X$7+6>=$I14),"◆",""),IF(AND($C14="Task",$M14<>"",X$7<=IF($N14="",$D$4,$N14),X$7+6>=$M14),"●","")) | Y14: =IF($C14="Milestone",IF(AND(Y$7<=$I14,Y$7+6>=$I14),"◆",""),IF(AND($C14="Task",$M14<>"",Y$7<=IF($N14="",$D$4,$N14),Y$7+6>=$M14),"●","")) | Z14: =IF($C14="Milestone",IF(AND(Z$7<=$I14,Z$7+6>=$I14),"◆",""),IF(AND($C14="Task",$M14<>"",Z$7<=IF($N14="",$D$4,$N14),Z$7+6>=$M14),"●","")) | AA14: =IF($C14="Milestone",IF(AND(AA$7<=$I14,AA$7+6>=$I14),"◆",""),IF(AND($C14="Task",$M14<>"",AA$7<=IF($N14="",$D$4,$N14),AA$7+6>=$M14),"●","")) | AB14: =IF($C14="Milestone",IF(AND(AB$7<=$I14,AB$7+6>=$I14),"◆",""),IF(AND($C14="Task",$M14<>"",AB$7<=IF($N14="",$D$4,$N14),AB$7+6>=$M14),"●","")) | ... AZ14: =IF($C14="Milestone",IF(AND(AZ$7<=$I14,AZ$7+6>=$I14),"◆",""),IF(AND($C14="Task",$M14<>"",AZ$7<=IF($N14="",$D$4,$N14),AZ$7+6>=$M14),"●",""))
A15: PM7 | B15: Mid-term pack: deck, logbook, literature review, original and revised Gantt | C15: Task | E15: F3 | F15: Yes | G15: 46433 | H15: 46437 | I15: 46426 | J15: 46437 | K15: =IF(C15="Task",ROUND((J15-I15+3)/7,0),"") -> 2 | L15: 0 | P15: =IF(C15="Break","",IF(C15="Milestone",IF(N15<>"","Done",IF($D$4>J15,"Overdue","Upcoming")),IF(N(O15)>=1,"Done",IF($D$4<I15,"Not started",IF($D$4>J15,"Late",IF(N(O15)+0.1<($D$4-I15+1)/(J15-I15+1),"Behind","On track")))))) -> Not started | Q15: =IF(C15="Break","",ROUND((IF(N15<>"",N15,J15)-H15)/7,1)) -> 0 | R15: =IF(C15="Milestone",IF(N15<>"","✓",""),IF(AND(C15="Task",N(O15)>=1),"✓","")) | S15: =IF(C15="Task",K15*N(O15),"") -> 0 | U15: =IF($C15="Milestone",IF(AND(U$7<=$I15,U$7+6>=$I15),"◆",""),IF(AND($C15="Task",$M15<>"",U$7<=IF($N15="",$D$4,$N15),U$7+6>=$M15),"●","")) | V15: =IF($C15="Milestone",IF(AND(V$7<=$I15,V$7+6>=$I15),"◆",""),IF(AND($C15="Task",$M15<>"",V$7<=IF($N15="",$D$4,$N15),V$7+6>=$M15),"●","")) | W15: =IF($C15="Milestone",IF(AND(W$7<=$I15,W$7+6>=$I15),"◆",""),IF(AND($C15="Task",$M15<>"",W$7<=IF($N15="",$D$4,$N15),W$7+6>=$M15),"●","")) | X15: =IF($C15="Milestone",IF(AND(X$7<=$I15,X$7+6>=$I15),"◆",""),IF(AND($C15="Task",$M15<>"",X$7<=IF($N15="",$D$4,$N15),X$7+6>=$M15),"●","")) | Y15: =IF($C15="Milestone",IF(AND(Y$7<=$I15,Y$7+6>=$I15),"◆",""),IF(AND($C15="Task",$M15<>"",Y$7<=IF($N15="",$D$4,$N15),Y$7+6>=$M15),"●","")) | Z15: =IF($C15="Milestone",IF(AND(Z$7<=$I15,Z$7+6>=$I15),"◆",""),IF(AND($C15="Task",$M15<>"",Z$7<=IF($N15="",$D$4,$N15),Z$7+6>=$M15),"●","")) | AA15: =IF($C15="Milestone",IF(AND(AA$7<=$I15,AA$7+6>=$I15),"◆",""),IF(AND($C15="Task",$M15<>"",AA$7<=IF($N15="",$D$4,$N15),AA$7+6>=$M15),"●","")) | AB15: =IF($C15="Milestone",IF(AND(AB$7<=$I15,AB$7+6>=$I15),"◆",""),IF(AND($C15="Task",$M15<>"",AB$7<=IF($N15="",$D$4,$N15),AB$7+6>=$M15),"●","")) | ... AZ15: =IF($C15="Milestone",IF(AND(AZ$7<=$I15,AZ$7+6>=$I15),"◆",""),IF(AND($C15="Task",$M15<>"",AZ$7<=IF($N15="",$D$4,$N15),AZ$7+6>=$M15),"●",""))
A16: PM8 | B16: Mid-term review (confirm date on Blackboard) | C16: Milestone | E16: PM7 | F16: Yes | G16: 46440 | H16: 46440 | I16: 46440 | J16: 46440 | K16: =IF(C16="Task",ROUND((J16-I16+3)/7,0),"") | P16: =IF(C16="Break","",IF(C16="Milestone",IF(N16<>"","Done",IF($D$4>J16,"Overdue","Upcoming")),IF(N(O16)>=1,"Done",IF($D$4<I16,"Not started",IF($D$4>J16,"Late",IF(N(O16)+0.1<($D$4-I16+1)/(J16-I16+1),"Behind","On track")))))) -> Upcoming | Q16: =IF(C16="Break","",ROUND((IF(N16<>"",N16,J16)-H16)/7,1)) -> 0 | R16: =IF(C16="Milestone",IF(N16<>"","✓",""),IF(AND(C16="Task",N(O16)>=1),"✓","")) | S16: =IF(C16="Task",K16*N(O16),"") | U16: =IF($C16="Milestone",IF(AND(U$7<=$I16,U$7+6>=$I16),"◆",""),IF(AND($C16="Task",$M16<>"",U$7<=IF($N16="",$D$4,$N16),U$7+6>=$M16),"●","")) | V16: =IF($C16="Milestone",IF(AND(V$7<=$I16,V$7+6>=$I16),"◆",""),IF(AND($C16="Task",$M16<>"",V$7<=IF($N16="",$D$4,$N16),V$7+6>=$M16),"●","")) | W16: =IF($C16="Milestone",IF(AND(W$7<=$I16,W$7+6>=$I16),"◆",""),IF(AND($C16="Task",$M16<>"",W$7<=IF($N16="",$D$4,$N16),W$7+6>=$M16),"●","")) | X16: =IF($C16="Milestone",IF(AND(X$7<=$I16,X$7+6>=$I16),"◆",""),IF(AND($C16="Task",$M16<>"",X$7<=IF($N16="",$D$4,$N16),X$7+6>=$M16),"●","")) | Y16: =IF($C16="Milestone",IF(AND(Y$7<=$I16,Y$7+6>=$I16),"◆",""),IF(AND($C16="Task",$M16<>"",Y$7<=IF($N16="",$D$4,$N16),Y$7+6>=$M16),"●","")) | Z16: =IF($C16="Milestone",IF(AND(Z$7<=$I16,Z$7+6>=$I16),"◆",""),IF(AND($C16="Task",$M16<>"",Z$7<=IF($N16="",$D$4,$N16),Z$7+6>=$M16),"●","")) | AA16: =IF($C16="Milestone",IF(AND(AA$7<=$I16,AA$7+6>=$I16),"◆",""),IF(AND($C16="Task",$M16<>"",AA$7<=IF($N16="",$D$4,$N16),AA$7+6>=$M16),"●","")) | AB16: =IF($C16="Milestone",IF(AND(AB$7<=$I16,AB$7+6>=$I16),"◆",""),IF(AND($C16="Task",$M16<>"",AB$7<=IF($N16="",$D$4,$N16),AB$7+6>=$M16),"●","")) | ... AZ16: =IF($C16="Milestone",IF(AND(AZ$7<=$I16,AZ$7+6>=$I16),"◆",""),IF(AND($C16="Task",$M16<>"",AZ$7<=IF($N16="",$D$4,$N16),AZ$7+6>=$M16),"●",""))
B17: Literature review | C17: Group
A18: L1 | B18: Literature search: 15 sources logged | C18: Task | F18: No | G18: 46314 | H18: 46332 | I18: 46314 | J18: 46325 | K18: =IF(C18="Task",ROUND((J18-I18+3)/7,0),"") -> 2 | L18: 2 | P18: =IF(C18="Break","",IF(C18="Milestone",IF(N18<>"","Done",IF($D$4>J18,"Overdue","Upcoming")),IF(N(O18)>=1,"Done",IF($D$4<I18,"Not started",IF($D$4>J18,"Late",IF(N(O18)+0.1<($D$4-I18+1)/(J18-I18+1),"Behind","On track")))))) -> Behind | Q18: =IF(C18="Break","",ROUND((IF(N18<>"",N18,J18)-H18)/7,1)) -> -1 | R18: =IF(C18="Milestone",IF(N18<>"","✓",""),IF(AND(C18="Task",N(O18)>=1),"✓","")) | S18: =IF(C18="Task",K18*N(O18),"") -> 0 | U18: =IF($C18="Milestone",IF(AND(U$7<=$I18,U$7+6>=$I18),"◆",""),IF(AND($C18="Task",$M18<>"",U$7<=IF($N18="",$D$4,$N18),U$7+6>=$M18),"●","")) | V18: =IF($C18="Milestone",IF(AND(V$7<=$I18,V$7+6>=$I18),"◆",""),IF(AND($C18="Task",$M18<>"",V$7<=IF($N18="",$D$4,$N18),V$7+6>=$M18),"●","")) | W18: =IF($C18="Milestone",IF(AND(W$7<=$I18,W$7+6>=$I18),"◆",""),IF(AND($C18="Task",$M18<>"",W$7<=IF($N18="",$D$4,$N18),W$7+6>=$M18),"●","")) | X18: =IF($C18="Milestone",IF(AND(X$7<=$I18,X$7+6>=$I18),"◆",""),IF(AND($C18="Task",$M18<>"",X$7<=IF($N18="",$D$4,$N18),X$7+6>=$M18),"●","")) | Y18: =IF($C18="Milestone",IF(AND(Y$7<=$I18,Y$7+6>=$I18),"◆",""),IF(AND($C18="Task",$M18<>"",Y$7<=IF($N18="",$D$4,$N18),Y$7+6>=$M18),"●","")) | Z18: =IF($C18="Milestone",IF(AND(Z$7<=$I18,Z$7+6>=$I18),"◆",""),IF(AND($C18="Task",$M18<>"",Z$7<=IF($N18="",$D$4,$N18),Z$7+6>=$M18),"●","")) | AA18: =IF($C18="Milestone",IF(AND(AA$7<=$I18,AA$7+6>=$I18),"◆",""),IF(AND($C18="Task",$M18<>"",AA$7<=IF($N18="",$D$4,$N18),AA$7+6>=$M18),"●","")) | AB18: =IF($C18="Milestone",IF(AND(AB$7<=$I18,AB$7+6>=$I18),"◆",""),IF(AND($C18="Task",$M18<>"",AB$7<=IF($N18="",$D$4,$N18),AB$7+6>=$M18),"●","")) | ... AZ18: =IF($C18="Milestone",IF(AND(AZ$7<=$I18,AZ$7+6>=$I18),"◆",""),IF(AND($C18="Task",$M18<>"",AZ$7<=IF($N18="",$D$4,$N18),AZ$7+6>=$M18),"●",""))
A19: L2 | B19: Literature comparison table and gap (30 sources) | C19: Task | E19: L1 | F19: No | G19: 46335 | H19: 46353 | I19: 46328 | J19: 46339 | K19: =IF(C19="Task",ROUND((J19-I19+3)/7,0),"") -> 2 | L19: 2 | P19: =IF(C19="Break","",IF(C19="Milestone",IF(N19<>"","Done",IF($D$4>J19,"Overdue","Upcoming")),IF(N(O19)>=1,"Done",IF($D$4<I19,"Not started",IF($D$4>J19,"Late",IF(N(O19)+0.1<($D$4-I19+1)/(J19-I19+1),"Behind","On track")))))) -> Not started | Q19: =IF(C19="Break","",ROUND((IF(N19<>"",N19,J19)-H19)/7,1)) -> -2 | R19: =IF(C19="Milestone",IF(N19<>"","✓",""),IF(AND(C19="Task",N(O19)>=1),"✓","")) | S19: =IF(C19="Task",K19*N(O19),"") -> 0 | U19: =IF($C19="Milestone",IF(AND(U$7<=$I19,U$7+6>=$I19),"◆",""),IF(AND($C19="Task",$M19<>"",U$7<=IF($N19="",$D$4,$N19),U$7+6>=$M19),"●","")) | V19: =IF($C19="Milestone",IF(AND(V$7<=$I19,V$7+6>=$I19),"◆",""),IF(AND($C19="Task",$M19<>"",V$7<=IF($N19="",$D$4,$N19),V$7+6>=$M19),"●","")) | W19: =IF($C19="Milestone",IF(AND(W$7<=$I19,W$7+6>=$I19),"◆",""),IF(AND($C19="Task",$M19<>"",W$7<=IF($N19="",$D$4,$N19),W$7+6>=$M19),"●","")) | X19: =IF($C19="Milestone",IF(AND(X$7<=$I19,X$7+6>=$I19),"◆",""),IF(AND($C19="Task",$M19<>"",X$7<=IF($N19="",$D$4,$N19),X$7+6>=$M19),"●","")) | Y19: =IF($C19="Milestone",IF(AND(Y$7<=$I19,Y$7+6>=$I19),"◆",""),IF(AND($C19="Task",$M19<>"",Y$7<=IF($N19="",$D$4,$N19),Y$7+6>=$M19),"●","")) | Z19: =IF($C19="Milestone",IF(AND(Z$7<=$I19,Z$7+6>=$I19),"◆",""),IF(AND($C19="Task",$M19<>"",Z$7<=IF($N19="",$D$4,$N19),Z$7+6>=$M19),"●","")) | AA19: =IF($C19="Milestone",IF(AND(AA$7<=$I19,AA$7+6>=$I19),"◆",""),IF(AND($C19="Task",$M19<>"",AA$7<=IF($N19="",$D$4,$N19),AA$7+6>=$M19),"●","")) | AB19: =IF($C19="Milestone",IF(AND(AB$7<=$I19,AB$7+6>=$I19),"◆",""),IF(AND($C19="Task",$M19<>"",AB$7<=IF($N19="",$D$4,$N19),AB$7+6>=$M19),"●","")) | ... AZ19: =IF($C19="Milestone",IF(AND(AZ$7<=$I19,AZ$7+6>=$I19),"◆",""),IF(AND($C19="Task",$M19<>"",AZ$7<=IF($N19="",$D$4,$N19),AZ$7+6>=$M19),"●",""))
A20: L3 | B20: Literature review chapter drafted | C20: Task | E20: L2 | F20: No | G20: 46356 | H20: 46374 | I20: 46342 | J20: 46353 | K20: =IF(C20="Task",ROUND((J20-I20+3)/7,0),"") -> 2 | L20: 0 | P20: =IF(C20="Break","",IF(C20="Milestone",IF(N20<>"","Done",IF($D$4>J20,"Overdue","Upcoming")),IF(N(O20)>=1,"Done",IF($D$4<I20,"Not started",IF($D$4>J20,"Late",IF(N(O20)+0.1<($D$4-I20+1)/(J20-I20+1),"Behind","On track")))))) -> Not started | Q20: =IF(C20="Break","",ROUND((IF(N20<>"",N20,J20)-H20)/7,1)) -> -3 | R20: =IF(C20="Milestone",IF(N20<>"","✓",""),IF(AND(C20="Task",N(O20)>=1),"✓","")) | S20: =IF(C20="Task",K20*N(O20),"") -> 0 | U20: =IF($C20="Milestone",IF(AND(U$7<=$I20,U$7+6>=$I20),"◆",""),IF(AND($C20="Task",$M20<>"",U$7<=IF($N20="",$D$4,$N20),U$7+6>=$M20),"●","")) | V20: =IF($C20="Milestone",IF(AND(V$7<=$I20,V$7+6>=$I20),"◆",""),IF(AND($C20="Task",$M20<>"",V$7<=IF($N20="",$D$4,$N20),V$7+6>=$M20),"●","")) | W20: =IF($C20="Milestone",IF(AND(W$7<=$I20,W$7+6>=$I20),"◆",""),IF(AND($C20="Task",$M20<>"",W$7<=IF($N20="",$D$4,$N20),W$7+6>=$M20),"●","")) | X20: =IF($C20="Milestone",IF(AND(X$7<=$I20,X$7+6>=$I20),"◆",""),IF(AND($C20="Task",$M20<>"",X$7<=IF($N20="",$D$4,$N20),X$7+6>=$M20),"●","")) | Y20: =IF($C20="Milestone",IF(AND(Y$7<=$I20,Y$7+6>=$I20),"◆",""),IF(AND($C20="Task",$M20<>"",Y$7<=IF($N20="",$D$4,$N20),Y$7+6>=$M20),"●","")) | Z20: =IF($C20="Milestone",IF(AND(Z$7<=$I20,Z$7+6>=$I20),"◆",""),IF(AND($C20="Task",$M20<>"",Z$7<=IF($N20="",$D$4,$N20),Z$7+6>=$M20),"●","")) | AA20: =IF($C20="Milestone",IF(AND(AA$7<=$I20,AA$7+6>=$I20),"◆",""),IF(AND($C20="Task",$M20<>"",AA$7<=IF($N20="",$D$4,$N20),AA$7+6>=$M20),"●","")) | AB20: =IF($C20="Milestone",IF(AND(AB$7<=$I20,AB$7+6>=$I20),"◆",""),IF(AND($C20="Task",$M20<>"",AB$7<=IF($N20="",$D$4,$N20),AB$7+6>=$M20),"●","")) | ... AZ20: =IF($C20="Milestone",IF(AND(AZ$7<=$I20,AZ$7+6>=$I20),"◆",""),IF(AND($C20="Task",$M20<>"",AZ$7<=IF($N20="",$D$4,$N20),AZ$7+6>=$M20),"●",""))
A21: L4 | B21: Literature review draft sent to Dr Shah | C21: Milestone | E21: L3 | F21: No | G21: 46374 | H21: 46374 | I21: 46353 | J21: 46353 | K21: =IF(C21="Task",ROUND((J21-I21+3)/7,0),"") | P21: =IF(C21="Break","",IF(C21="Milestone",IF(N21<>"","Done",IF($D$4>J21,"Overdue","Upcoming")),IF(N(O21)>=1,"Done",IF($D$4<I21,"Not started",IF($D$4>J21,"Late",IF(N(O21)+0.1<($D$4-I21+1)/(J21-I21+1),"Behind","On track")))))) -> Upcoming | Q21: =IF(C21="Break","",ROUND((IF(N21<>"",N21,J21)-H21)/7,1)) -> -3 | R21: =IF(C21="Milestone",IF(N21<>"","✓",""),IF(AND(C21="Task",N(O21)>=1),"✓","")) | S21: =IF(C21="Task",K21*N(O21),"") | U21: =IF($C21="Milestone",IF(AND(U$7<=$I21,U$7+6>=$I21),"◆",""),IF(AND($C21="Task",$M21<>"",U$7<=IF($N21="",$D$4,$N21),U$7+6>=$M21),"●","")) | V21: =IF($C21="Milestone",IF(AND(V$7<=$I21,V$7+6>=$I21),"◆",""),IF(AND($C21="Task",$M21<>"",V$7<=IF($N21="",$D$4,$N21),V$7+6>=$M21),"●","")) | W21: =IF($C21="Milestone",IF(AND(W$7<=$I21,W$7+6>=$I21),"◆",""),IF(AND($C21="Task",$M21<>"",W$7<=IF($N21="",$D$4,$N21),W$7+6>=$M21),"●","")) | X21: =IF($C21="Milestone",IF(AND(X$7<=$I21,X$7+6>=$I21),"◆",""),IF(AND($C21="Task",$M21<>"",X$7<=IF($N21="",$D$4,$N21),X$7+6>=$M21),"●","")) | Y21: =IF($C21="Milestone",IF(AND(Y$7<=$I21,Y$7+6>=$I21),"◆",""),IF(AND($C21="Task",$M21<>"",Y$7<=IF($N21="",$D$4,$N21),Y$7+6>=$M21),"●","")) | Z21: =IF($C21="Milestone",IF(AND(Z$7<=$I21,Z$7+6>=$I21),"◆",""),IF(AND($C21="Task",$M21<>"",Z$7<=IF($N21="",$D$4,$N21),Z$7+6>=$M21),"●","")) -> ◆ | AA21: =IF($C21="Milestone",IF(AND(AA$7<=$I21,AA$7+6>=$I21),"◆",""),IF(AND($C21="Task",$M21<>"",AA$7<=IF($N21="",$D$4,$N21),AA$7+6>=$M21),"●","")) | AB21: =IF($C21="Milestone",IF(AND(AB$7<=$I21,AB$7+6>=$I21),"◆",""),IF(AND($C21="Task",$M21<>"",AB$7<=IF($N21="",$D$4,$N21),AB$7+6>=$M21),"●","")) | ... AZ21: =IF($C21="Milestone",IF(AND(AZ$7<=$I21,AZ$7+6>=$I21),"◆",""),IF(AND($C21="Task",$M21<>"",AZ$7<=IF($N21="",$D$4,$N21),AZ$7+6>=$M21),"●",""))
B22: Data and software (laptop) | C22: Group
A23: S1 | B23: Download and store a year of Octopus and Elexon data | C23: Task | D23: O1 | F23: No | G23: 46321 | H23: 46325 | I23: 46314 | J23: 46325 | K23: =IF(C23="Task",ROUND((J23-I23+3)/7,0),"") -> 2 | L23: 1 | P23: =IF(C23="Break","",IF(C23="Milestone",IF(N23<>"","Done",IF($D$4>J23,"Overdue","Upcoming")),IF(N(O23)>=1,"Done",IF($D$4<I23,"Not started",IF($D$4>J23,"Late",IF(N(O23)+0.1<($D$4-I23+1)/(J23-I23+1),"Behind","On track")))))) -> Behind | Q23: =IF(C23="Break","",ROUND((IF(N23<>"",N23,J23)-H23)/7,1)) -> 0 | R23: =IF(C23="Milestone",IF(N23<>"","✓",""),IF(AND(C23="Task",N(O23)>=1),"✓","")) | S23: =IF(C23="Task",K23*N(O23),"") -> 0 | U23: =IF($C23="Milestone",IF(AND(U$7<=$I23,U$7+6>=$I23),"◆",""),IF(AND($C23="Task",$M23<>"",U$7<=IF($N23="",$D$4,$N23),U$7+6>=$M23),"●","")) | V23: =IF($C23="Milestone",IF(AND(V$7<=$I23,V$7+6>=$I23),"◆",""),IF(AND($C23="Task",$M23<>"",V$7<=IF($N23="",$D$4,$N23),V$7+6>=$M23),"●","")) | W23: =IF($C23="Milestone",IF(AND(W$7<=$I23,W$7+6>=$I23),"◆",""),IF(AND($C23="Task",$M23<>"",W$7<=IF($N23="",$D$4,$N23),W$7+6>=$M23),"●","")) | X23: =IF($C23="Milestone",IF(AND(X$7<=$I23,X$7+6>=$I23),"◆",""),IF(AND($C23="Task",$M23<>"",X$7<=IF($N23="",$D$4,$N23),X$7+6>=$M23),"●","")) | Y23: =IF($C23="Milestone",IF(AND(Y$7<=$I23,Y$7+6>=$I23),"◆",""),IF(AND($C23="Task",$M23<>"",Y$7<=IF($N23="",$D$4,$N23),Y$7+6>=$M23),"●","")) | Z23: =IF($C23="Milestone",IF(AND(Z$7<=$I23,Z$7+6>=$I23),"◆",""),IF(AND($C23="Task",$M23<>"",Z$7<=IF($N23="",$D$4,$N23),Z$7+6>=$M23),"●","")) | AA23: =IF($C23="Milestone",IF(AND(AA$7<=$I23,AA$7+6>=$I23),"◆",""),IF(AND($C23="Task",$M23<>"",AA$7<=IF($N23="",$D$4,$N23),AA$7+6>=$M23),"●","")) | AB23: =IF($C23="Milestone",IF(AND(AB$7<=$I23,AB$7+6>=$I23),"◆",""),IF(AND($C23="Task",$M23<>"",AB$7<=IF($N23="",$D$4,$N23),AB$7+6>=$M23),"●","")) | ... AZ23: =IF($C23="Milestone",IF(AND(AZ$7<=$I23,AZ$7+6>=$I23),"◆",""),IF(AND($C23="Task",$M23<>"",AZ$7<=IF($N23="",$D$4,$N23),AZ$7+6>=$M23),"●",""))
A24: S2 | B24: Data pipeline: cleaning and alignment | C24: Task | D24: O1 | E24: S1 | F24: No | G24: 46328 | H24: 46346 | I24: 46321 | J24: 46332 | K24: =IF(C24="Task",ROUND((J24-I24+3)/7,0),"") -> 2 | L24: 1 | P24: =IF(C24="Break","",IF(C24="Milestone",IF(N24<>"","Done",IF($D$4>J24,"Overdue","Upcoming")),IF(N(O24)>=1,"Done",IF($D$4<I24,"Not started",IF($D$4>J24,"Late",IF(N(O24)+0.1<($D$4-I24+1)/(J24-I24+1),"Behind","On track")))))) -> Not started | Q24: =IF(C24="Break","",ROUND((IF(N24<>"",N24,J24)-H24)/7,1)) -> -2 | R24: =IF(C24="Milestone",IF(N24<>"","✓",""),IF(AND(C24="Task",N(O24)>=1),"✓","")) | S24: =IF(C24="Task",K24*N(O24),"") -> 0 | U24: =IF($C24="Milestone",IF(AND(U$7<=$I24,U$7+6>=$I24),"◆",""),IF(AND($C24="Task",$M24<>"",U$7<=IF($N24="",$D$4,$N24),U$7+6>=$M24),"●","")) | V24: =IF($C24="Milestone",IF(AND(V$7<=$I24,V$7+6>=$I24),"◆",""),IF(AND($C24="Task",$M24<>"",V$7<=IF($N24="",$D$4,$N24),V$7+6>=$M24),"●","")) | W24: =IF($C24="Milestone",IF(AND(W$7<=$I24,W$7+6>=$I24),"◆",""),IF(AND($C24="Task",$M24<>"",W$7<=IF($N24="",$D$4,$N24),W$7+6>=$M24),"●","")) | X24: =IF($C24="Milestone",IF(AND(X$7<=$I24,X$7+6>=$I24),"◆",""),IF(AND($C24="Task",$M24<>"",X$7<=IF($N24="",$D$4,$N24),X$7+6>=$M24),"●","")) | Y24: =IF($C24="Milestone",IF(AND(Y$7<=$I24,Y$7+6>=$I24),"◆",""),IF(AND($C24="Task",$M24<>"",Y$7<=IF($N24="",$D$4,$N24),Y$7+6>=$M24),"●","")) | Z24: =IF($C24="Milestone",IF(AND(Z$7<=$I24,Z$7+6>=$I24),"◆",""),IF(AND($C24="Task",$M24<>"",Z$7<=IF($N24="",$D$4,$N24),Z$7+6>=$M24),"●","")) | AA24: =IF($C24="Milestone",IF(AND(AA$7<=$I24,AA$7+6>=$I24),"◆",""),IF(AND($C24="Task",$M24<>"",AA$7<=IF($N24="",$D$4,$N24),AA$7+6>=$M24),"●","")) | AB24: =IF($C24="Milestone",IF(AND(AB$7<=$I24,AB$7+6>=$I24),"◆",""),IF(AND($C24="Task",$M24<>"",AB$7<=IF($N24="",$D$4,$N24),AB$7+6>=$M24),"●","")) | ... AZ24: =IF($C24="Milestone",IF(AND(AZ$7<=$I24,AZ$7+6>=$I24),"◆",""),IF(AND($C24="Task",$M24<>"",AZ$7<=IF($N24="",$D$4,$N24),AZ$7+6>=$M24),"●",""))
A25: S3 | B25: O1 met: T1 data-quality report | C25: Milestone | D25: O1 | E25: S2 | F25: No | G25: 46346 | H25: 46346 | I25: 46332 | J25: 46332 | K25: =IF(C25="Task",ROUND((J25-I25+3)/7,0),"") | P25: =IF(C25="Break","",IF(C25="Milestone",IF(N25<>"","Done",IF($D$4>J25,"Overdue","Upcoming")),IF(N(O25)>=1,"Done",IF($D$4<I25,"Not started",IF($D$4>J25,"Late",IF(N(O25)+0.1<($D$4-I25+1)/(J25-I25+1),"Behind","On track")))))) -> Upcoming | Q25: =IF(C25="Break","",ROUND((IF(N25<>"",N25,J25)-H25)/7,1)) -> -2 | R25: =IF(C25="Milestone",IF(N25<>"","✓",""),IF(AND(C25="Task",N(O25)>=1),"✓","")) | S25: =IF(C25="Task",K25*N(O25),"") | U25: =IF($C25="Milestone",IF(AND(U$7<=$I25,U$7+6>=$I25),"◆",""),IF(AND($C25="Task",$M25<>"",U$7<=IF($N25="",$D$4,$N25),U$7+6>=$M25),"●","")) | V25: =IF($C25="Milestone",IF(AND(V$7<=$I25,V$7+6>=$I25),"◆",""),IF(AND($C25="Task",$M25<>"",V$7<=IF($N25="",$D$4,$N25),V$7+6>=$M25),"●","")) | W25: =IF($C25="Milestone",IF(AND(W$7<=$I25,W$7+6>=$I25),"◆",""),IF(AND($C25="Task",$M25<>"",W$7<=IF($N25="",$D$4,$N25),W$7+6>=$M25),"●","")) -> ◆ | X25: =IF($C25="Milestone",IF(AND(X$7<=$I25,X$7+6>=$I25),"◆",""),IF(AND($C25="Task",$M25<>"",X$7<=IF($N25="",$D$4,$N25),X$7+6>=$M25),"●","")) | Y25: =IF($C25="Milestone",IF(AND(Y$7<=$I25,Y$7+6>=$I25),"◆",""),IF(AND($C25="Task",$M25<>"",Y$7<=IF($N25="",$D$4,$N25),Y$7+6>=$M25),"●","")) | Z25: =IF($C25="Milestone",IF(AND(Z$7<=$I25,Z$7+6>=$I25),"◆",""),IF(AND($C25="Task",$M25<>"",Z$7<=IF($N25="",$D$4,$N25),Z$7+6>=$M25),"●","")) | AA25: =IF($C25="Milestone",IF(AND(AA$7<=$I25,AA$7+6>=$I25),"◆",""),IF(AND($C25="Task",$M25<>"",AA$7<=IF($N25="",$D$4,$N25),AA$7+6>=$M25),"●","")) | AB25: =IF($C25="Milestone",IF(AND(AB$7<=$I25,AB$7+6>=$I25),"◆",""),IF(AND($C25="Task",$M25<>"",AB$7<=IF($N25="",$D$4,$N25),AB$7+6>=$M25),"●","")) | ... AZ25: =IF($C25="Milestone",IF(AND(AZ$7<=$I25,AZ$7+6>=$I25),"◆",""),IF(AND($C25="Task",$M25<>"",AZ$7<=IF($N25="",$D$4,$N25),AZ$7+6>=$M25),"●",""))
A26: S4 | B26: Python simulator skeleton | C26: Task | D26: O8 | E26: S2 | F26: No | G26: 46349 | H26: 46353 | I26: 46328 | J26: 46332 | K26: =IF(C26="Task",ROUND((J26-I26+3)/7,0),"") -> 1 | L26: 2 | P26: =IF(C26="Break","",IF(C26="Milestone",IF(N26<>"","Done",IF($D$4>J26,"Overdue","Upcoming")),IF(N(O26)>=1,"Done",IF($D$4<I26,"Not started",IF($D$4>J26,"Late",IF(N(O26)+0.1<($D$4-I26+1)/(J26-I26+1),"Behind","On track")))))) -> Not started | Q26: =IF(C26="Break","",ROUND((IF(N26<>"",N26,J26)-H26)/7,1)) -> -3 | R26: =IF(C26="Milestone",IF(N26<>"","✓",""),IF(AND(C26="Task",N(O26)>=1),"✓","")) | S26: =IF(C26="Task",K26*N(O26),"") -> 0 | U26: =IF($C26="Milestone",IF(AND(U$7<=$I26,U$7+6>=$I26),"◆",""),IF(AND($C26="Task",$M26<>"",U$7<=IF($N26="",$D$4,$N26),U$7+6>=$M26),"●","")) | V26: =IF($C26="Milestone",IF(AND(V$7<=$I26,V$7+6>=$I26),"◆",""),IF(AND($C26="Task",$M26<>"",V$7<=IF($N26="",$D$4,$N26),V$7+6>=$M26),"●","")) | W26: =IF($C26="Milestone",IF(AND(W$7<=$I26,W$7+6>=$I26),"◆",""),IF(AND($C26="Task",$M26<>"",W$7<=IF($N26="",$D$4,$N26),W$7+6>=$M26),"●","")) | X26: =IF($C26="Milestone",IF(AND(X$7<=$I26,X$7+6>=$I26),"◆",""),IF(AND($C26="Task",$M26<>"",X$7<=IF($N26="",$D$4,$N26),X$7+6>=$M26),"●","")) | Y26: =IF($C26="Milestone",IF(AND(Y$7<=$I26,Y$7+6>=$I26),"◆",""),IF(AND($C26="Task",$M26<>"",Y$7<=IF($N26="",$D$4,$N26),Y$7+6>=$M26),"●","")) | Z26: =IF($C26="Milestone",IF(AND(Z$7<=$I26,Z$7+6>=$I26),"◆",""),IF(AND($C26="Task",$M26<>"",Z$7<=IF($N26="",$D$4,$N26),Z$7+6>=$M26),"●","")) | AA26: =IF($C26="Milestone",IF(AND(AA$7<=$I26,AA$7+6>=$I26),"◆",""),IF(AND($C26="Task",$M26<>"",AA$7<=IF($N26="",$D$4,$N26),AA$7+6>=$M26),"●","")) | AB26: =IF($C26="Milestone",IF(AND(AB$7<=$I26,AB$7+6>=$I26),"◆",""),IF(AND($C26="Task",$M26<>"",AB$7<=IF($N26="",$D$4,$N26),AB$7+6>=$M26),"●","")) | ... AZ26: =IF($C26="Milestone",IF(AND(AZ$7<=$I26,AZ$7+6>=$I26),"◆",""),IF(AND($C26="Task",$M26<>"",AZ$7<=IF($N26="",$D$4,$N26),AZ$7+6>=$M26),"●",""))
A27: S5 | B27: Perfect plan by linear programming | C27: Task | D27: O8 | E27: S4 | F27: No | G27: 46356 | H27: 46360 | I27: 46335 | J27: 46339 | K27: =IF(C27="Task",ROUND((J27-I27+3)/7,0),"") -> 1 | L27: 2 | P27: =IF(C27="Break","",IF(C27="Milestone",IF(N27<>"","Done",IF($D$4>J27,"Overdue","Upcoming")),IF(N(O27)>=1,"Done",IF($D$4<I27,"Not started",IF($D$4>J27,"Late",IF(N(O27)+0.1<($D$4-I27+1)/(J27-I27+1),"Behind","On track")))))) -> Not started | Q27: =IF(C27="Break","",ROUND((IF(N27<>"",N27,J27)-H27)/7,1)) -> -3 | R27: =IF(C27="Milestone",IF(N27<>"","✓",""),IF(AND(C27="Task",N(O27)>=1),"✓","")) | S27: =IF(C27="Task",K27*N(O27),"") -> 0 | U27: =IF($C27="Milestone",IF(AND(U$7<=$I27,U$7+6>=$I27),"◆",""),IF(AND($C27="Task",$M27<>"",U$7<=IF($N27="",$D$4,$N27),U$7+6>=$M27),"●","")) | V27: =IF($C27="Milestone",IF(AND(V$7<=$I27,V$7+6>=$I27),"◆",""),IF(AND($C27="Task",$M27<>"",V$7<=IF($N27="",$D$4,$N27),V$7+6>=$M27),"●","")) | W27: =IF($C27="Milestone",IF(AND(W$7<=$I27,W$7+6>=$I27),"◆",""),IF(AND($C27="Task",$M27<>"",W$7<=IF($N27="",$D$4,$N27),W$7+6>=$M27),"●","")) | X27: =IF($C27="Milestone",IF(AND(X$7<=$I27,X$7+6>=$I27),"◆",""),IF(AND($C27="Task",$M27<>"",X$7<=IF($N27="",$D$4,$N27),X$7+6>=$M27),"●","")) | Y27: =IF($C27="Milestone",IF(AND(Y$7<=$I27,Y$7+6>=$I27),"◆",""),IF(AND($C27="Task",$M27<>"",Y$7<=IF($N27="",$D$4,$N27),Y$7+6>=$M27),"●","")) | Z27: =IF($C27="Milestone",IF(AND(Z$7<=$I27,Z$7+6>=$I27),"◆",""),IF(AND($C27="Task",$M27<>"",Z$7<=IF($N27="",$D$4,$N27),Z$7+6>=$M27),"●","")) | AA27: =IF($C27="Milestone",IF(AND(AA$7<=$I27,AA$7+6>=$I27),"◆",""),IF(AND($C27="Task",$M27<>"",AA$7<=IF($N27="",$D$4,$N27),AA$7+6>=$M27),"●","")) | AB27: =IF($C27="Milestone",IF(AND(AB$7<=$I27,AB$7+6>=$I27),"◆",""),IF(AND($C27="Task",$M27<>"",AB$7<=IF($N27="",$D$4,$N27),AB$7+6>=$M27),"●","")) | ... AZ27: =IF($C27="Milestone",IF(AND(AZ$7<=$I27,AZ$7+6>=$I27),"◆",""),IF(AND($C27="Task",$M27<>"",AZ$7<=IF($N27="",$D$4,$N27),AZ$7+6>=$M27),"●",""))
A28: S6 | B28: DP state count and timing in Python | C28: Task | D28: O6 | E28: S4 | F28: No | G28: 46363 | H28: 46367 | I28: 46335 | J28: 46339 | K28: =IF(C28="Task",ROUND((J28-I28+3)/7,0),"") -> 1 | L28: 1 | P28: =IF(C28="Break","",IF(C28="Milestone",IF(N28<>"","Done",IF($D$4>J28,"Overdue","Upcoming")),IF(N(O28)>=1,"Done",IF($D$4<I28,"Not started",IF($D$4>J28,"Late",IF(N(O28)+0.1<($D$4-I28+1)/(J28-I28+1),"Behind","On track")))))) -> Not started | Q28: =IF(C28="Break","",ROUND((IF(N28<>"",N28,J28)-H28)/7,1)) -> -4 | R28: =IF(C28="Milestone",IF(N28<>"","✓",""),IF(AND(C28="Task",N(O28)>=1),"✓","")) | S28: =IF(C28="Task",K28*N(O28),"") -> 0 | U28: =IF($C28="Milestone",IF(AND(U$7<=$I28,U$7+6>=$I28),"◆",""),IF(AND($C28="Task",$M28<>"",U$7<=IF($N28="",$D$4,$N28),U$7+6>=$M28),"●","")) | V28: =IF($C28="Milestone",IF(AND(V$7<=$I28,V$7+6>=$I28),"◆",""),IF(AND($C28="Task",$M28<>"",V$7<=IF($N28="",$D$4,$N28),V$7+6>=$M28),"●","")) | W28: =IF($C28="Milestone",IF(AND(W$7<=$I28,W$7+6>=$I28),"◆",""),IF(AND($C28="Task",$M28<>"",W$7<=IF($N28="",$D$4,$N28),W$7+6>=$M28),"●","")) | X28: =IF($C28="Milestone",IF(AND(X$7<=$I28,X$7+6>=$I28),"◆",""),IF(AND($C28="Task",$M28<>"",X$7<=IF($N28="",$D$4,$N28),X$7+6>=$M28),"●","")) | Y28: =IF($C28="Milestone",IF(AND(Y$7<=$I28,Y$7+6>=$I28),"◆",""),IF(AND($C28="Task",$M28<>"",Y$7<=IF($N28="",$D$4,$N28),Y$7+6>=$M28),"●","")) | Z28: =IF($C28="Milestone",IF(AND(Z$7<=$I28,Z$7+6>=$I28),"◆",""),IF(AND($C28="Task",$M28<>"",Z$7<=IF($N28="",$D$4,$N28),Z$7+6>=$M28),"●","")) | AA28: =IF($C28="Milestone",IF(AND(AA$7<=$I28,AA$7+6>=$I28),"◆",""),IF(AND($C28="Task",$M28<>"",AA$7<=IF($N28="",$D$4,$N28),AA$7+6>=$M28),"●","")) | AB28: =IF($C28="Milestone",IF(AND(AB$7<=$I28,AB$7+6>=$I28),"◆",""),IF(AND($C28="Task",$M28<>"",AB$7<=IF($N28="",$D$4,$N28),AB$7+6>=$M28),"●","")) | ... AZ28: =IF($C28="Milestone",IF(AND(AZ$7<=$I28,AZ$7+6>=$I28),"◆",""),IF(AND($C28="Task",$M28<>"",AZ$7<=IF($N28="",$D$4,$N28),AZ$7+6>=$M28),"●",""))
A29: S7 | B29: Baseline forecasters and first results | C29: Task | D29: O5 | E29: S2 | F29: No | G29: 46370 | H29: 46374 | I29: 46342 | J29: 46346 | K29: =IF(C29="Task",ROUND((J29-I29+3)/7,0),"") -> 1 | L29: 5 | P29: =IF(C29="Break","",IF(C29="Milestone",IF(N29<>"","Done",IF($D$4>J29,"Overdue","Upcoming")),IF(N(O29)>=1,"Done",IF($D$4<I29,"Not started",IF($D$4>J29,"Late",IF(N(O29)+0.1<($D$4-I29+1)/(J29-I29+1),"Behind","On track")))))) -> Not started | Q29: =IF(C29="Break","",ROUND((IF(N29<>"",N29,J29)-H29)/7,1)) -> -4 | R29: =IF(C29="Milestone",IF(N29<>"","✓",""),IF(AND(C29="Task",N(O29)>=1),"✓","")) | S29: =IF(C29="Task",K29*N(O29),"") -> 0 | U29: =IF($C29="Milestone",IF(AND(U$7<=$I29,U$7+6>=$I29),"◆",""),IF(AND($C29="Task",$M29<>"",U$7<=IF($N29="",$D$4,$N29),U$7+6>=$M29),"●","")) | V29: =IF($C29="Milestone",IF(AND(V$7<=$I29,V$7+6>=$I29),"◆",""),IF(AND($C29="Task",$M29<>"",V$7<=IF($N29="",$D$4,$N29),V$7+6>=$M29),"●","")) | W29: =IF($C29="Milestone",IF(AND(W$7<=$I29,W$7+6>=$I29),"◆",""),IF(AND($C29="Task",$M29<>"",W$7<=IF($N29="",$D$4,$N29),W$7+6>=$M29),"●","")) | X29: =IF($C29="Milestone",IF(AND(X$7<=$I29,X$7+6>=$I29),"◆",""),IF(AND($C29="Task",$M29<>"",X$7<=IF($N29="",$D$4,$N29),X$7+6>=$M29),"●","")) | Y29: =IF($C29="Milestone",IF(AND(Y$7<=$I29,Y$7+6>=$I29),"◆",""),IF(AND($C29="Task",$M29<>"",Y$7<=IF($N29="",$D$4,$N29),Y$7+6>=$M29),"●","")) | Z29: =IF($C29="Milestone",IF(AND(Z$7<=$I29,Z$7+6>=$I29),"◆",""),IF(AND($C29="Task",$M29<>"",Z$7<=IF($N29="",$D$4,$N29),Z$7+6>=$M29),"●","")) | AA29: =IF($C29="Milestone",IF(AND(AA$7<=$I29,AA$7+6>=$I29),"◆",""),IF(AND($C29="Task",$M29<>"",AA$7<=IF($N29="",$D$4,$N29),AA$7+6>=$M29),"●","")) | AB29: =IF($C29="Milestone",IF(AND(AB$7<=$I29,AB$7+6>=$I29),"◆",""),IF(AND($C29="Task",$M29<>"",AB$7<=IF($N29="",$D$4,$N29),AB$7+6>=$M29),"●","")) | ... AZ29: =IF($C29="Milestone",IF(AND(AZ$7<=$I29,AZ$7+6>=$I29),"◆",""),IF(AND($C29="Task",$M29<>"",AZ$7<=IF($N29="",$D$4,$N29),AZ$7+6>=$M29),"●",""))
A30: S8 | B30: LightGBM forecaster against baselines (T5) | C30: Task | D30: O5 | E30: S7 | F30: No | G30: 46412 | H30: 46416 | I30: 46349 | J30: 46360 | K30: =IF(C30="Task",ROUND((J30-I30+3)/7,0),"") -> 2 | L30: 1 | P30: =IF(C30="Break","",IF(C30="Milestone",IF(N30<>"","Done",IF($D$4>J30,"Overdue","Upcoming")),IF(N(O30)>=1,"Done",IF($D$4<I30,"Not started",IF($D$4>J30,"Late",IF(N(O30)+0.1<($D$4-I30+1)/(J30-I30+1),"Behind","On track")))))) -> Not started | Q30: =IF(C30="Break","",ROUND((IF(N30<>"",N30,J30)-H30)/7,1)) -> -8 | R30: =IF(C30="Milestone",IF(N30<>"","✓",""),IF(AND(C30="Task",N(O30)>=1),"✓","")) | S30: =IF(C30="Task",K30*N(O30),"") -> 0 | U30: =IF($C30="Milestone",IF(AND(U$7<=$I30,U$7+6>=$I30),"◆",""),IF(AND($C30="Task",$M30<>"",U$7<=IF($N30="",$D$4,$N30),U$7+6>=$M30),"●","")) | V30: =IF($C30="Milestone",IF(AND(V$7<=$I30,V$7+6>=$I30),"◆",""),IF(AND($C30="Task",$M30<>"",V$7<=IF($N30="",$D$4,$N30),V$7+6>=$M30),"●","")) | W30: =IF($C30="Milestone",IF(AND(W$7<=$I30,W$7+6>=$I30),"◆",""),IF(AND($C30="Task",$M30<>"",W$7<=IF($N30="",$D$4,$N30),W$7+6>=$M30),"●","")) | X30: =IF($C30="Milestone",IF(AND(X$7<=$I30,X$7+6>=$I30),"◆",""),IF(AND($C30="Task",$M30<>"",X$7<=IF($N30="",$D$4,$N30),X$7+6>=$M30),"●","")) | Y30: =IF($C30="Milestone",IF(AND(Y$7<=$I30,Y$7+6>=$I30),"◆",""),IF(AND($C30="Task",$M30<>"",Y$7<=IF($N30="",$D$4,$N30),Y$7+6>=$M30),"●","")) | Z30: =IF($C30="Milestone",IF(AND(Z$7<=$I30,Z$7+6>=$I30),"◆",""),IF(AND($C30="Task",$M30<>"",Z$7<=IF($N30="",$D$4,$N30),Z$7+6>=$M30),"●","")) | AA30: =IF($C30="Milestone",IF(AND(AA$7<=$I30,AA$7+6>=$I30),"◆",""),IF(AND($C30="Task",$M30<>"",AA$7<=IF($N30="",$D$4,$N30),AA$7+6>=$M30),"●","")) | AB30: =IF($C30="Milestone",IF(AND(AB$7<=$I30,AB$7+6>=$I30),"◆",""),IF(AND($C30="Task",$M30<>"",AB$7<=IF($N30="",$D$4,$N30),AB$7+6>=$M30),"●","")) | ... AZ30: =IF($C30="Milestone",IF(AND(AZ$7<=$I30,AZ$7+6>=$I30),"◆",""),IF(AND($C30="Task",$M30<>"",AZ$7<=IF($N30="",$D$4,$N30),AZ$7+6>=$M30),"●",""))
A31: S9 | B31: O5 met: forecaster results | C31: Milestone | D31: O5 | E31: S8 | F31: No | G31: 46416 | H31: 46416 | I31: 46360 | J31: 46360 | K31: =IF(C31="Task",ROUND((J31-I31+3)/7,0),"") | P31: =IF(C31="Break","",IF(C31="Milestone",IF(N31<>"","Done",IF($D$4>J31,"Overdue","Upcoming")),IF(N(O31)>=1,"Done",IF($D$4<I31,"Not started",IF($D$4>J31,"Late",IF(N(O31)+0.1<($D$4-I31+1)/(J31-I31+1),"Behind","On track")))))) -> Upcoming | Q31: =IF(C31="Break","",ROUND((IF(N31<>"",N31,J31)-H31)/7,1)) -> -8 | R31: =IF(C31="Milestone",IF(N31<>"","✓",""),IF(AND(C31="Task",N(O31)>=1),"✓","")) | S31: =IF(C31="Task",K31*N(O31),"") | U31: =IF($C31="Milestone",IF(AND(U$7<=$I31,U$7+6>=$I31),"◆",""),IF(AND($C31="Task",$M31<>"",U$7<=IF($N31="",$D$4,$N31),U$7+6>=$M31),"●","")) | V31: =IF($C31="Milestone",IF(AND(V$7<=$I31,V$7+6>=$I31),"◆",""),IF(AND($C31="Task",$M31<>"",V$7<=IF($N31="",$D$4,$N31),V$7+6>=$M31),"●","")) | W31: =IF($C31="Milestone",IF(AND(W$7<=$I31,W$7+6>=$I31),"◆",""),IF(AND($C31="Task",$M31<>"",W$7<=IF($N31="",$D$4,$N31),W$7+6>=$M31),"●","")) | X31: =IF($C31="Milestone",IF(AND(X$7<=$I31,X$7+6>=$I31),"◆",""),IF(AND($C31="Task",$M31<>"",X$7<=IF($N31="",$D$4,$N31),X$7+6>=$M31),"●","")) | Y31: =IF($C31="Milestone",IF(AND(Y$7<=$I31,Y$7+6>=$I31),"◆",""),IF(AND($C31="Task",$M31<>"",Y$7<=IF($N31="",$D$4,$N31),Y$7+6>=$M31),"●","")) | Z31: =IF($C31="Milestone",IF(AND(Z$7<=$I31,Z$7+6>=$I31),"◆",""),IF(AND($C31="Task",$M31<>"",Z$7<=IF($N31="",$D$4,$N31),Z$7+6>=$M31),"●","")) | AA31: =IF($C31="Milestone",IF(AND(AA$7<=$I31,AA$7+6>=$I31),"◆",""),IF(AND($C31="Task",$M31<>"",AA$7<=IF($N31="",$D$4,$N31),AA$7+6>=$M31),"●","")) -> ◆ | AB31: =IF($C31="Milestone",IF(AND(AB$7<=$I31,AB$7+6>=$I31),"◆",""),IF(AND($C31="Task",$M31<>"",AB$7<=IF($N31="",$D$4,$N31),AB$7+6>=$M31),"●","")) | ... AZ31: =IF($C31="Milestone",IF(AND(AZ$7<=$I31,AZ$7+6>=$I31),"◆",""),IF(AND($C31="Task",$M31<>"",AZ$7<=IF($N31="",$D$4,$N31),AZ$7+6>=$M31),"●",""))
B32: Hardware | C32: Group
A33: H1 | B33: Order chips and parts via technician (by Wed 28 Oct, 17:00) | C33: Task | F33: Yes | G33: 46314 | H33: 46325 | I33: 46314 | J33: 46325 | K33: =IF(C33="Task",ROUND((J33-I33+3)/7,0),"") -> 2 | L33: 0 | P33: =IF(C33="Break","",IF(C33="Milestone",IF(N33<>"","Done",IF($D$4>J33,"Overdue","Upcoming")),IF(N(O33)>=1,"Done",IF($D$4<I33,"Not started",IF($D$4>J33,"Late",IF(N(O33)+0.1<($D$4-I33+1)/(J33-I33+1),"Behind","On track")))))) -> Behind | Q33: =IF(C33="Break","",ROUND((IF(N33<>"",N33,J33)-H33)/7,1)) -> 0 | R33: =IF(C33="Milestone",IF(N33<>"","✓",""),IF(AND(C33="Task",N(O33)>=1),"✓","")) | S33: =IF(C33="Task",K33*N(O33),"") -> 0 | U33: =IF($C33="Milestone",IF(AND(U$7<=$I33,U$7+6>=$I33),"◆",""),IF(AND($C33="Task",$M33<>"",U$7<=IF($N33="",$D$4,$N33),U$7+6>=$M33),"●","")) | V33: =IF($C33="Milestone",IF(AND(V$7<=$I33,V$7+6>=$I33),"◆",""),IF(AND($C33="Task",$M33<>"",V$7<=IF($N33="",$D$4,$N33),V$7+6>=$M33),"●","")) | W33: =IF($C33="Milestone",IF(AND(W$7<=$I33,W$7+6>=$I33),"◆",""),IF(AND($C33="Task",$M33<>"",W$7<=IF($N33="",$D$4,$N33),W$7+6>=$M33),"●","")) | X33: =IF($C33="Milestone",IF(AND(X$7<=$I33,X$7+6>=$I33),"◆",""),IF(AND($C33="Task",$M33<>"",X$7<=IF($N33="",$D$4,$N33),X$7+6>=$M33),"●","")) | Y33: =IF($C33="Milestone",IF(AND(Y$7<=$I33,Y$7+6>=$I33),"◆",""),IF(AND($C33="Task",$M33<>"",Y$7<=IF($N33="",$D$4,$N33),Y$7+6>=$M33),"●","")) | Z33: =IF($C33="Milestone",IF(AND(Z$7<=$I33,Z$7+6>=$I33),"◆",""),IF(AND($C33="Task",$M33<>"",Z$7<=IF($N33="",$D$4,$N33),Z$7+6>=$M33),"●","")) | AA33: =IF($C33="Milestone",IF(AND(AA$7<=$I33,AA$7+6>=$I33),"◆",""),IF(AND($C33="Task",$M33<>"",AA$7<=IF($N33="",$D$4,$N33),AA$7+6>=$M33),"●","")) | AB33: =IF($C33="Milestone",IF(AND(AB$7<=$I33,AB$7+6>=$I33),"◆",""),IF(AND($C33="Task",$M33<>"",AB$7<=IF($N33="",$D$4,$N33),AB$7+6>=$M33),"●","")) | ... AZ33: =IF($C33="Milestone",IF(AND(AZ$7<=$I33,AZ$7+6>=$I33),"◆",""),IF(AND($C33="Task",$M33<>"",AZ$7<=IF($N33="",$D$4,$N33),AZ$7+6>=$M33),"●",""))
A34: H2 | B34: Proteus practice task | C34: Task | F34: No | G34: 46321 | H34: 46325 | I34: 46314 | J34: 46325 | K34: =IF(C34="Task",ROUND((J34-I34+3)/7,0),"") -> 2 | L34: 1 | P34: =IF(C34="Break","",IF(C34="Milestone",IF(N34<>"","Done",IF($D$4>J34,"Overdue","Upcoming")),IF(N(O34)>=1,"Done",IF($D$4<I34,"Not started",IF($D$4>J34,"Late",IF(N(O34)+0.1<($D$4-I34+1)/(J34-I34+1),"Behind","On track")))))) -> Behind | Q34: =IF(C34="Break","",ROUND((IF(N34<>"",N34,J34)-H34)/7,1)) -> 0 | R34: =IF(C34="Milestone",IF(N34<>"","✓",""),IF(AND(C34="Task",N(O34)>=1),"✓","")) | S34: =IF(C34="Task",K34*N(O34),"") -> 0 | U34: =IF($C34="Milestone",IF(AND(U$7<=$I34,U$7+6>=$I34),"◆",""),IF(AND($C34="Task",$M34<>"",U$7<=IF($N34="",$D$4,$N34),U$7+6>=$M34),"●","")) | V34: =IF($C34="Milestone",IF(AND(V$7<=$I34,V$7+6>=$I34),"◆",""),IF(AND($C34="Task",$M34<>"",V$7<=IF($N34="",$D$4,$N34),V$7+6>=$M34),"●","")) | W34: =IF($C34="Milestone",IF(AND(W$7<=$I34,W$7+6>=$I34),"◆",""),IF(AND($C34="Task",$M34<>"",W$7<=IF($N34="",$D$4,$N34),W$7+6>=$M34),"●","")) | X34: =IF($C34="Milestone",IF(AND(X$7<=$I34,X$7+6>=$I34),"◆",""),IF(AND($C34="Task",$M34<>"",X$7<=IF($N34="",$D$4,$N34),X$7+6>=$M34),"●","")) | Y34: =IF($C34="Milestone",IF(AND(Y$7<=$I34,Y$7+6>=$I34),"◆",""),IF(AND($C34="Task",$M34<>"",Y$7<=IF($N34="",$D$4,$N34),Y$7+6>=$M34),"●","")) | Z34: =IF($C34="Milestone",IF(AND(Z$7<=$I34,Z$7+6>=$I34),"◆",""),IF(AND($C34="Task",$M34<>"",Z$7<=IF($N34="",$D$4,$N34),Z$7+6>=$M34),"●","")) | AA34: =IF($C34="Milestone",IF(AND(AA$7<=$I34,AA$7+6>=$I34),"◆",""),IF(AND($C34="Task",$M34<>"",AA$7<=IF($N34="",$D$4,$N34),AA$7+6>=$M34),"●","")) | AB34: =IF($C34="Milestone",IF(AND(AB$7<=$I34,AB$7+6>=$I34),"◆",""),IF(AND($C34="Task",$M34<>"",AB$7<=IF($N34="",$D$4,$N34),AB$7+6>=$M34),"●","")) | ... AZ34: =IF($C34="Milestone",IF(AND(AZ$7<=$I34,AZ$7+6>=$I34),"◆",""),IF(AND($C34="Task",$M34<>"",AZ$7<=IF($N34="",$D$4,$N34),AZ$7+6>=$M34),"●",""))
A35: H3 | B35: Sensing PCB: schematic in Proteus, technician review | C35: Task | D35: O2 | E35: H1 | F35: Yes | G35: 46328 | H35: 46332 | I35: 46321 | J35: 46325 | K35: =IF(C35="Task",ROUND((J35-I35+3)/7,0),"") -> 1 | L35: 0 | P35: =IF(C35="Break","",IF(C35="Milestone",IF(N35<>"","Done",IF($D$4>J35,"Overdue","Upcoming")),IF(N(O35)>=1,"Done",IF($D$4<I35,"Not started",IF($D$4>J35,"Late",IF(N(O35)+0.1<($D$4-I35+1)/(J35-I35+1),"Behind","On track")))))) -> Not started | Q35: =IF(C35="Break","",ROUND((IF(N35<>"",N35,J35)-H35)/7,1)) -> -1 | R35: =IF(C35="Milestone",IF(N35<>"","✓",""),IF(AND(C35="Task",N(O35)>=1),"✓","")) | S35: =IF(C35="Task",K35*N(O35),"") -> 0 | U35: =IF($C35="Milestone",IF(AND(U$7<=$I35,U$7+6>=$I35),"◆",""),IF(AND($C35="Task",$M35<>"",U$7<=IF($N35="",$D$4,$N35),U$7+6>=$M35),"●","")) | V35: =IF($C35="Milestone",IF(AND(V$7<=$I35,V$7+6>=$I35),"◆",""),IF(AND($C35="Task",$M35<>"",V$7<=IF($N35="",$D$4,$N35),V$7+6>=$M35),"●","")) | W35: =IF($C35="Milestone",IF(AND(W$7<=$I35,W$7+6>=$I35),"◆",""),IF(AND($C35="Task",$M35<>"",W$7<=IF($N35="",$D$4,$N35),W$7+6>=$M35),"●","")) | X35: =IF($C35="Milestone",IF(AND(X$7<=$I35,X$7+6>=$I35),"◆",""),IF(AND($C35="Task",$M35<>"",X$7<=IF($N35="",$D$4,$N35),X$7+6>=$M35),"●","")) | Y35: =IF($C35="Milestone",IF(AND(Y$7<=$I35,Y$7+6>=$I35),"◆",""),IF(AND($C35="Task",$M35<>"",Y$7<=IF($N35="",$D$4,$N35),Y$7+6>=$M35),"●","")) | Z35: =IF($C35="Milestone",IF(AND(Z$7<=$I35,Z$7+6>=$I35),"◆",""),IF(AND($C35="Task",$M35<>"",Z$7<=IF($N35="",$D$4,$N35),Z$7+6>=$M35),"●","")) | AA35: =IF($C35="Milestone",IF(AND(AA$7<=$I35,AA$7+6>=$I35),"◆",""),IF(AND($C35="Task",$M35<>"",AA$7<=IF($N35="",$D$4,$N35),AA$7+6>=$M35),"●","")) | AB35: =IF($C35="Milestone",IF(AND(AB$7<=$I35,AB$7+6>=$I35),"◆",""),IF(AND($C35="Task",$M35<>"",AB$7<=IF($N35="",$D$4,$N35),AB$7+6>=$M35),"●","")) | ... AZ35: =IF($C35="Milestone",IF(AND(AZ$7<=$I35,AZ$7+6>=$I35),"◆",""),IF(AND($C35="Task",$M35<>"",AZ$7<=IF($N35="",$D$4,$N35),AZ$7+6>=$M35),"●",""))
A36: H4 | B36: Sensing PCB: layout, design-rule check, Tuesday submission | C36: Task | D36: O2 | E36: H3 | F36: Yes | G36: 46335 | H36: 46339 | I36: 46328 | J36: 46332 | K36: =IF(C36="Task",ROUND((J36-I36+3)/7,0),"") -> 1 | L36: 0 | P36: =IF(C36="Break","",IF(C36="Milestone",IF(N36<>"","Done",IF($D$4>J36,"Overdue","Upcoming")),IF(N(O36)>=1,"Done",IF($D$4<I36,"Not started",IF($D$4>J36,"Late",IF(N(O36)+0.1<($D$4-I36+1)/(J36-I36+1),"Behind","On track")))))) -> Not started | Q36: =IF(C36="Break","",ROUND((IF(N36<>"",N36,J36)-H36)/7,1)) -> -1 | R36: =IF(C36="Milestone",IF(N36<>"","✓",""),IF(AND(C36="Task",N(O36)>=1),"✓","")) | S36: =IF(C36="Task",K36*N(O36),"") -> 0 | U36: =IF($C36="Milestone",IF(AND(U$7<=$I36,U$7+6>=$I36),"◆",""),IF(AND($C36="Task",$M36<>"",U$7<=IF($N36="",$D$4,$N36),U$7+6>=$M36),"●","")) | V36: =IF($C36="Milestone",IF(AND(V$7<=$I36,V$7+6>=$I36),"◆",""),IF(AND($C36="Task",$M36<>"",V$7<=IF($N36="",$D$4,$N36),V$7+6>=$M36),"●","")) | W36: =IF($C36="Milestone",IF(AND(W$7<=$I36,W$7+6>=$I36),"◆",""),IF(AND($C36="Task",$M36<>"",W$7<=IF($N36="",$D$4,$N36),W$7+6>=$M36),"●","")) | X36: =IF($C36="Milestone",IF(AND(X$7<=$I36,X$7+6>=$I36),"◆",""),IF(AND($C36="Task",$M36<>"",X$7<=IF($N36="",$D$4,$N36),X$7+6>=$M36),"●","")) | Y36: =IF($C36="Milestone",IF(AND(Y$7<=$I36,Y$7+6>=$I36),"◆",""),IF(AND($C36="Task",$M36<>"",Y$7<=IF($N36="",$D$4,$N36),Y$7+6>=$M36),"●","")) | Z36: =IF($C36="Milestone",IF(AND(Z$7<=$I36,Z$7+6>=$I36),"◆",""),IF(AND($C36="Task",$M36<>"",Z$7<=IF($N36="",$D$4,$N36),Z$7+6>=$M36),"●","")) | AA36: =IF($C36="Milestone",IF(AND(AA$7<=$I36,AA$7+6>=$I36),"◆",""),IF(AND($C36="Task",$M36<>"",AA$7<=IF($N36="",$D$4,$N36),AA$7+6>=$M36),"●","")) | AB36: =IF($C36="Milestone",IF(AND(AB$7<=$I36,AB$7+6>=$I36),"◆",""),IF(AND($C36="Task",$M36<>"",AB$7<=IF($N36="",$D$4,$N36),AB$7+6>=$M36),"●","")) | ... AZ36: =IF($C36="Milestone",IF(AND(AZ$7<=$I36,AZ$7+6>=$I36),"◆",""),IF(AND($C36="Task",$M36<>"",AZ$7<=IF($N36="",$D$4,$N36),AZ$7+6>=$M36),"●",""))
A37: H5 | B37: Sensing PCB: assembly on the SMD station | C37: Task | D37: O2 | E37: H4 | F37: Yes | G37: 46342 | H37: 46346 | I37: 46335 | J37: 46339 | K37: =IF(C37="Task",ROUND((J37-I37+3)/7,0),"") -> 1 | L37: 0 | P37: =IF(C37="Break","",IF(C37="Milestone",IF(N37<>"","Done",IF($D$4>J37,"Overdue","Upcoming")),IF(N(O37)>=1,"Done",IF($D$4<I37,"Not started",IF($D$4>J37,"Late",IF(N(O37)+0.1<($D$4-I37+1)/(J37-I37+1),"Behind","On track")))))) -> Not started | Q37: =IF(C37="Break","",ROUND((IF(N37<>"",N37,J37)-H37)/7,1)) -> -1 | R37: =IF(C37="Milestone",IF(N37<>"","✓",""),IF(AND(C37="Task",N(O37)>=1),"✓","")) | S37: =IF(C37="Task",K37*N(O37),"") -> 0 | U37: =IF($C37="Milestone",IF(AND(U$7<=$I37,U$7+6>=$I37),"◆",""),IF(AND($C37="Task",$M37<>"",U$7<=IF($N37="",$D$4,$N37),U$7+6>=$M37),"●","")) | V37: =IF($C37="Milestone",IF(AND(V$7<=$I37,V$7+6>=$I37),"◆",""),IF(AND($C37="Task",$M37<>"",V$7<=IF($N37="",$D$4,$N37),V$7+6>=$M37),"●","")) | W37: =IF($C37="Milestone",IF(AND(W$7<=$I37,W$7+6>=$I37),"◆",""),IF(AND($C37="Task",$M37<>"",W$7<=IF($N37="",$D$4,$N37),W$7+6>=$M37),"●","")) | X37: =IF($C37="Milestone",IF(AND(X$7<=$I37,X$7+6>=$I37),"◆",""),IF(AND($C37="Task",$M37<>"",X$7<=IF($N37="",$D$4,$N37),X$7+6>=$M37),"●","")) | Y37: =IF($C37="Milestone",IF(AND(Y$7<=$I37,Y$7+6>=$I37),"◆",""),IF(AND($C37="Task",$M37<>"",Y$7<=IF($N37="",$D$4,$N37),Y$7+6>=$M37),"●","")) | Z37: =IF($C37="Milestone",IF(AND(Z$7<=$I37,Z$7+6>=$I37),"◆",""),IF(AND($C37="Task",$M37<>"",Z$7<=IF($N37="",$D$4,$N37),Z$7+6>=$M37),"●","")) | AA37: =IF($C37="Milestone",IF(AND(AA$7<=$I37,AA$7+6>=$I37),"◆",""),IF(AND($C37="Task",$M37<>"",AA$7<=IF($N37="",$D$4,$N37),AA$7+6>=$M37),"●","")) | AB37: =IF($C37="Milestone",IF(AND(AB$7<=$I37,AB$7+6>=$I37),"◆",""),IF(AND($C37="Task",$M37<>"",AB$7<=IF($N37="",$D$4,$N37),AB$7+6>=$M37),"●","")) | ... AZ37: =IF($C37="Milestone",IF(AND(AZ$7<=$I37,AZ$7+6>=$I37),"◆",""),IF(AND($C37="Task",$M37<>"",AZ$7<=IF($N37="",$D$4,$N37),AZ$7+6>=$M37),"●",""))
A38: H6 | B38: Sensing PCB: T2 calibration sweep | C38: Task | D38: O2 | E38: H5 | F38: Yes | G38: 46349 | H38: 46353 | I38: 46335 | J38: 46339 | K38: =IF(C38="Task",ROUND((J38-I38+3)/7,0),"") -> 1 | L38: 0 | P38: =IF(C38="Break","",IF(C38="Milestone",IF(N38<>"","Done",IF($D$4>J38,"Overdue","Upcoming")),IF(N(O38)>=1,"Done",IF($D$4<I38,"Not started",IF($D$4>J38,"Late",IF(N(O38)+0.1<($D$4-I38+1)/(J38-I38+1),"Behind","On track")))))) -> Not started | Q38: =IF(C38="Break","",ROUND((IF(N38<>"",N38,J38)-H38)/7,1)) -> -2 | R38: =IF(C38="Milestone",IF(N38<>"","✓",""),IF(AND(C38="Task",N(O38)>=1),"✓","")) | S38: =IF(C38="Task",K38*N(O38),"") -> 0 | U38: =IF($C38="Milestone",IF(AND(U$7<=$I38,U$7+6>=$I38),"◆",""),IF(AND($C38="Task",$M38<>"",U$7<=IF($N38="",$D$4,$N38),U$7+6>=$M38),"●","")) | V38: =IF($C38="Milestone",IF(AND(V$7<=$I38,V$7+6>=$I38),"◆",""),IF(AND($C38="Task",$M38<>"",V$7<=IF($N38="",$D$4,$N38),V$7+6>=$M38),"●","")) | W38: =IF($C38="Milestone",IF(AND(W$7<=$I38,W$7+6>=$I38),"◆",""),IF(AND($C38="Task",$M38<>"",W$7<=IF($N38="",$D$4,$N38),W$7+6>=$M38),"●","")) | X38: =IF($C38="Milestone",IF(AND(X$7<=$I38,X$7+6>=$I38),"◆",""),IF(AND($C38="Task",$M38<>"",X$7<=IF($N38="",$D$4,$N38),X$7+6>=$M38),"●","")) | Y38: =IF($C38="Milestone",IF(AND(Y$7<=$I38,Y$7+6>=$I38),"◆",""),IF(AND($C38="Task",$M38<>"",Y$7<=IF($N38="",$D$4,$N38),Y$7+6>=$M38),"●","")) | Z38: =IF($C38="Milestone",IF(AND(Z$7<=$I38,Z$7+6>=$I38),"◆",""),IF(AND($C38="Task",$M38<>"",Z$7<=IF($N38="",$D$4,$N38),Z$7+6>=$M38),"●","")) | AA38: =IF($C38="Milestone",IF(AND(AA$7<=$I38,AA$7+6>=$I38),"◆",""),IF(AND($C38="Task",$M38<>"",AA$7<=IF($N38="",$D$4,$N38),AA$7+6>=$M38),"●","")) | AB38: =IF($C38="Milestone",IF(AND(AB$7<=$I38,AB$7+6>=$I38),"◆",""),IF(AND($C38="Task",$M38<>"",AB$7<=IF($N38="",$D$4,$N38),AB$7+6>=$M38),"●","")) | ... AZ38: =IF($C38="Milestone",IF(AND(AZ$7<=$I38,AZ$7+6>=$I38),"◆",""),IF(AND($C38="Task",$M38<>"",AZ$7<=IF($N38="",$D$4,$N38),AZ$7+6>=$M38),"●",""))
A39: H7 | B39: O2 met: sensing PCB | C39: Milestone | D39: O2 | E39: H6 | F39: Yes | G39: 46353 | H39: 46353 | I39: 46339 | J39: 46339 | K39: =IF(C39="Task",ROUND((J39-I39+3)/7,0),"") | P39: =IF(C39="Break","",IF(C39="Milestone",IF(N39<>"","Done",IF($D$4>J39,"Overdue","Upcoming")),IF(N(O39)>=1,"Done",IF($D$4<I39,"Not started",IF($D$4>J39,"Late",IF(N(O39)+0.1<($D$4-I39+1)/(J39-I39+1),"Behind","On track")))))) -> Upcoming | Q39: =IF(C39="Break","",ROUND((IF(N39<>"",N39,J39)-H39)/7,1)) -> -2 | R39: =IF(C39="Milestone",IF(N39<>"","✓",""),IF(AND(C39="Task",N(O39)>=1),"✓","")) | S39: =IF(C39="Task",K39*N(O39),"") | U39: =IF($C39="Milestone",IF(AND(U$7<=$I39,U$7+6>=$I39),"◆",""),IF(AND($C39="Task",$M39<>"",U$7<=IF($N39="",$D$4,$N39),U$7+6>=$M39),"●","")) | V39: =IF($C39="Milestone",IF(AND(V$7<=$I39,V$7+6>=$I39),"◆",""),IF(AND($C39="Task",$M39<>"",V$7<=IF($N39="",$D$4,$N39),V$7+6>=$M39),"●","")) | W39: =IF($C39="Milestone",IF(AND(W$7<=$I39,W$7+6>=$I39),"◆",""),IF(AND($C39="Task",$M39<>"",W$7<=IF($N39="",$D$4,$N39),W$7+6>=$M39),"●","")) | X39: =IF($C39="Milestone",IF(AND(X$7<=$I39,X$7+6>=$I39),"◆",""),IF(AND($C39="Task",$M39<>"",X$7<=IF($N39="",$D$4,$N39),X$7+6>=$M39),"●","")) -> ◆ | Y39: =IF($C39="Milestone",IF(AND(Y$7<=$I39,Y$7+6>=$I39),"◆",""),IF(AND($C39="Task",$M39<>"",Y$7<=IF($N39="",$D$4,$N39),Y$7+6>=$M39),"●","")) | Z39: =IF($C39="Milestone",IF(AND(Z$7<=$I39,Z$7+6>=$I39),"◆",""),IF(AND($C39="Task",$M39<>"",Z$7<=IF($N39="",$D$4,$N39),Z$7+6>=$M39),"●","")) | AA39: =IF($C39="Milestone",IF(AND(AA$7<=$I39,AA$7+6>=$I39),"◆",""),IF(AND($C39="Task",$M39<>"",AA$7<=IF($N39="",$D$4,$N39),AA$7+6>=$M39),"●","")) | AB39: =IF($C39="Milestone",IF(AND(AB$7<=$I39,AB$7+6>=$I39),"◆",""),IF(AND($C39="Task",$M39<>"",AB$7<=IF($N39="",$D$4,$N39),AB$7+6>=$M39),"●","")) | ... AZ39: =IF($C39="Milestone",IF(AND(AZ$7<=$I39,AZ$7+6>=$I39),"◆",""),IF(AND($C39="Task",$M39<>"",AZ$7<=IF($N39="",$D$4,$N39),AZ$7+6>=$M39),"●",""))
A40: H8 | B40: Over-current trip on breadboard; switching schematic | C40: Task | D40: O4 | E40: H1 | F40: No | G40: 46342 | H40: 46346 | I40: 46328 | J40: 46339 | K40: =IF(C40="Task",ROUND((J40-I40+3)/7,0),"") -> 2 | L40: 1 | P40: =IF(C40="Break","",IF(C40="Milestone",IF(N40<>"","Done",IF($D$4>J40,"Overdue","Upcoming")),IF(N(O40)>=1,"Done",IF($D$4<I40,"Not started",IF($D$4>J40,"Late",IF(N(O40)+0.1<($D$4-I40+1)/(J40-I40+1),"Behind","On track")))))) -> Not started | Q40: =IF(C40="Break","",ROUND((IF(N40<>"",N40,J40)-H40)/7,1)) -> -1 | R40: =IF(C40="Milestone",IF(N40<>"","✓",""),IF(AND(C40="Task",N(O40)>=1),"✓","")) | S40: =IF(C40="Task",K40*N(O40),"") -> 0 | U40: =IF($C40="Milestone",IF(AND(U$7<=$I40,U$7+6>=$I40),"◆",""),IF(AND($C40="Task",$M40<>"",U$7<=IF($N40="",$D$4,$N40),U$7+6>=$M40),"●","")) | V40: =IF($C40="Milestone",IF(AND(V$7<=$I40,V$7+6>=$I40),"◆",""),IF(AND($C40="Task",$M40<>"",V$7<=IF($N40="",$D$4,$N40),V$7+6>=$M40),"●","")) | W40: =IF($C40="Milestone",IF(AND(W$7<=$I40,W$7+6>=$I40),"◆",""),IF(AND($C40="Task",$M40<>"",W$7<=IF($N40="",$D$4,$N40),W$7+6>=$M40),"●","")) | X40: =IF($C40="Milestone",IF(AND(X$7<=$I40,X$7+6>=$I40),"◆",""),IF(AND($C40="Task",$M40<>"",X$7<=IF($N40="",$D$4,$N40),X$7+6>=$M40),"●","")) | Y40: =IF($C40="Milestone",IF(AND(Y$7<=$I40,Y$7+6>=$I40),"◆",""),IF(AND($C40="Task",$M40<>"",Y$7<=IF($N40="",$D$4,$N40),Y$7+6>=$M40),"●","")) | Z40: =IF($C40="Milestone",IF(AND(Z$7<=$I40,Z$7+6>=$I40),"◆",""),IF(AND($C40="Task",$M40<>"",Z$7<=IF($N40="",$D$4,$N40),Z$7+6>=$M40),"●","")) | AA40: =IF($C40="Milestone",IF(AND(AA$7<=$I40,AA$7+6>=$I40),"◆",""),IF(AND($C40="Task",$M40<>"",AA$7<=IF($N40="",$D$4,$N40),AA$7+6>=$M40),"●","")) | AB40: =IF($C40="Milestone",IF(AND(AB$7<=$I40,AB$7+6>=$I40),"◆",""),IF(AND($C40="Task",$M40<>"",AB$7<=IF($N40="",$D$4,$N40),AB$7+6>=$M40),"●","")) | ... AZ40: =IF($C40="Milestone",IF(AND(AZ$7<=$I40,AZ$7+6>=$I40),"◆",""),IF(AND($C40="Task",$M40<>"",AZ$7<=IF($N40="",$D$4,$N40),AZ$7+6>=$M40),"●",""))
A41: H9 | B41: Switching PCB: layout and submission | C41: Task | D41: O4 | E41: H8 | F41: No | G41: 46349 | H41: 46353 | I41: 46335 | J41: 46339 | K41: =IF(C41="Task",ROUND((J41-I41+3)/7,0),"") -> 1 | L41: 1 | P41: =IF(C41="Break","",IF(C41="Milestone",IF(N41<>"","Done",IF($D$4>J41,"Overdue","Upcoming")),IF(N(O41)>=1,"Done",IF($D$4<I41,"Not started",IF($D$4>J41,"Late",IF(N(O41)+0.1<($D$4-I41+1)/(J41-I41+1),"Behind","On track")))))) -> Not started | Q41: =IF(C41="Break","",ROUND((IF(N41<>"",N41,J41)-H41)/7,1)) -> -2 | R41: =IF(C41="Milestone",IF(N41<>"","✓",""),IF(AND(C41="Task",N(O41)>=1),"✓","")) | S41: =IF(C41="Task",K41*N(O41),"") -> 0 | U41: =IF($C41="Milestone",IF(AND(U$7<=$I41,U$7+6>=$I41),"◆",""),IF(AND($C41="Task",$M41<>"",U$7<=IF($N41="",$D$4,$N41),U$7+6>=$M41),"●","")) | V41: =IF($C41="Milestone",IF(AND(V$7<=$I41,V$7+6>=$I41),"◆",""),IF(AND($C41="Task",$M41<>"",V$7<=IF($N41="",$D$4,$N41),V$7+6>=$M41),"●","")) | W41: =IF($C41="Milestone",IF(AND(W$7<=$I41,W$7+6>=$I41),"◆",""),IF(AND($C41="Task",$M41<>"",W$7<=IF($N41="",$D$4,$N41),W$7+6>=$M41),"●","")) | X41: =IF($C41="Milestone",IF(AND(X$7<=$I41,X$7+6>=$I41),"◆",""),IF(AND($C41="Task",$M41<>"",X$7<=IF($N41="",$D$4,$N41),X$7+6>=$M41),"●","")) | Y41: =IF($C41="Milestone",IF(AND(Y$7<=$I41,Y$7+6>=$I41),"◆",""),IF(AND($C41="Task",$M41<>"",Y$7<=IF($N41="",$D$4,$N41),Y$7+6>=$M41),"●","")) | Z41: =IF($C41="Milestone",IF(AND(Z$7<=$I41,Z$7+6>=$I41),"◆",""),IF(AND($C41="Task",$M41<>"",Z$7<=IF($N41="",$D$4,$N41),Z$7+6>=$M41),"●","")) | AA41: =IF($C41="Milestone",IF(AND(AA$7<=$I41,AA$7+6>=$I41),"◆",""),IF(AND($C41="Task",$M41<>"",AA$7<=IF($N41="",$D$4,$N41),AA$7+6>=$M41),"●","")) | AB41: =IF($C41="Milestone",IF(AND(AB$7<=$I41,AB$7+6>=$I41),"◆",""),IF(AND($C41="Task",$M41<>"",AB$7<=IF($N41="",$D$4,$N41),AB$7+6>=$M41),"●","")) | ... AZ41: =IF($C41="Milestone",IF(AND(AZ$7<=$I41,AZ$7+6>=$I41),"◆",""),IF(AND($C41="Task",$M41<>"",AZ$7<=IF($N41="",$D$4,$N41),AZ$7+6>=$M41),"●",""))
A42: H10 | B42: Switching PCB: assembly | C42: Task | D42: O4 | E42: H9 | F42: No | G42: 46356 | H42: 46360 | I42: 46342 | J42: 46346 | K42: =IF(C42="Task",ROUND((J42-I42+3)/7,0),"") -> 1 | L42: 1 | P42: =IF(C42="Break","",IF(C42="Milestone",IF(N42<>"","Done",IF($D$4>J42,"Overdue","Upcoming")),IF(N(O42)>=1,"Done",IF($D$4<I42,"Not started",IF($D$4>J42,"Late",IF(N(O42)+0.1<($D$4-I42+1)/(J42-I42+1),"Behind","On track")))))) -> Not started | Q42: =IF(C42="Break","",ROUND((IF(N42<>"",N42,J42)-H42)/7,1)) -> -2 | R42: =IF(C42="Milestone",IF(N42<>"","✓",""),IF(AND(C42="Task",N(O42)>=1),"✓","")) | S42: =IF(C42="Task",K42*N(O42),"") -> 0 | U42: =IF($C42="Milestone",IF(AND(U$7<=$I42,U$7+6>=$I42),"◆",""),IF(AND($C42="Task",$M42<>"",U$7<=IF($N42="",$D$4,$N42),U$7+6>=$M42),"●","")) | V42: =IF($C42="Milestone",IF(AND(V$7<=$I42,V$7+6>=$I42),"◆",""),IF(AND($C42="Task",$M42<>"",V$7<=IF($N42="",$D$4,$N42),V$7+6>=$M42),"●","")) | W42: =IF($C42="Milestone",IF(AND(W$7<=$I42,W$7+6>=$I42),"◆",""),IF(AND($C42="Task",$M42<>"",W$7<=IF($N42="",$D$4,$N42),W$7+6>=$M42),"●","")) | X42: =IF($C42="Milestone",IF(AND(X$7<=$I42,X$7+6>=$I42),"◆",""),IF(AND($C42="Task",$M42<>"",X$7<=IF($N42="",$D$4,$N42),X$7+6>=$M42),"●","")) | Y42: =IF($C42="Milestone",IF(AND(Y$7<=$I42,Y$7+6>=$I42),"◆",""),IF(AND($C42="Task",$M42<>"",Y$7<=IF($N42="",$D$4,$N42),Y$7+6>=$M42),"●","")) | Z42: =IF($C42="Milestone",IF(AND(Z$7<=$I42,Z$7+6>=$I42),"◆",""),IF(AND($C42="Task",$M42<>"",Z$7<=IF($N42="",$D$4,$N42),Z$7+6>=$M42),"●","")) | AA42: =IF($C42="Milestone",IF(AND(AA$7<=$I42,AA$7+6>=$I42),"◆",""),IF(AND($C42="Task",$M42<>"",AA$7<=IF($N42="",$D$4,$N42),AA$7+6>=$M42),"●","")) | AB42: =IF($C42="Milestone",IF(AND(AB$7<=$I42,AB$7+6>=$I42),"◆",""),IF(AND($C42="Task",$M42<>"",AB$7<=IF($N42="",$D$4,$N42),AB$7+6>=$M42),"●","")) | ... AZ42: =IF($C42="Milestone",IF(AND(AZ$7<=$I42,AZ$7+6>=$I42),"◆",""),IF(AND($C42="Task",$M42<>"",AZ$7<=IF($N42="",$D$4,$N42),AZ$7+6>=$M42),"●",""))
A43: H11 | B43: Switching PCB: T4 tests | C43: Task | D43: O4 | E43: H10 | F43: No | G43: 46363 | H43: 46367 | I43: 46342 | J43: 46346 | K43: =IF(C43="Task",ROUND((J43-I43+3)/7,0),"") -> 1 | L43: 1 | P43: =IF(C43="Break","",IF(C43="Milestone",IF(N43<>"","Done",IF($D$4>J43,"Overdue","Upcoming")),IF(N(O43)>=1,"Done",IF($D$4<I43,"Not started",IF($D$4>J43,"Late",IF(N(O43)+0.1<($D$4-I43+1)/(J43-I43+1),"Behind","On track")))))) -> Not started | Q43: =IF(C43="Break","",ROUND((IF(N43<>"",N43,J43)-H43)/7,1)) -> -3 | R43: =IF(C43="Milestone",IF(N43<>"","✓",""),IF(AND(C43="Task",N(O43)>=1),"✓","")) | S43: =IF(C43="Task",K43*N(O43),"") -> 0 | U43: =IF($C43="Milestone",IF(AND(U$7<=$I43,U$7+6>=$I43),"◆",""),IF(AND($C43="Task",$M43<>"",U$7<=IF($N43="",$D$4,$N43),U$7+6>=$M43),"●","")) | V43: =IF($C43="Milestone",IF(AND(V$7<=$I43,V$7+6>=$I43),"◆",""),IF(AND($C43="Task",$M43<>"",V$7<=IF($N43="",$D$4,$N43),V$7+6>=$M43),"●","")) | W43: =IF($C43="Milestone",IF(AND(W$7<=$I43,W$7+6>=$I43),"◆",""),IF(AND($C43="Task",$M43<>"",W$7<=IF($N43="",$D$4,$N43),W$7+6>=$M43),"●","")) | X43: =IF($C43="Milestone",IF(AND(X$7<=$I43,X$7+6>=$I43),"◆",""),IF(AND($C43="Task",$M43<>"",X$7<=IF($N43="",$D$4,$N43),X$7+6>=$M43),"●","")) | Y43: =IF($C43="Milestone",IF(AND(Y$7<=$I43,Y$7+6>=$I43),"◆",""),IF(AND($C43="Task",$M43<>"",Y$7<=IF($N43="",$D$4,$N43),Y$7+6>=$M43),"●","")) | Z43: =IF($C43="Milestone",IF(AND(Z$7<=$I43,Z$7+6>=$I43),"◆",""),IF(AND($C43="Task",$M43<>"",Z$7<=IF($N43="",$D$4,$N43),Z$7+6>=$M43),"●","")) | AA43: =IF($C43="Milestone",IF(AND(AA$7<=$I43,AA$7+6>=$I43),"◆",""),IF(AND($C43="Task",$M43<>"",AA$7<=IF($N43="",$D$4,$N43),AA$7+6>=$M43),"●","")) | AB43: =IF($C43="Milestone",IF(AND(AB$7<=$I43,AB$7+6>=$I43),"◆",""),IF(AND($C43="Task",$M43<>"",AB$7<=IF($N43="",$D$4,$N43),AB$7+6>=$M43),"●","")) | ... AZ43: =IF($C43="Milestone",IF(AND(AZ$7<=$I43,AZ$7+6>=$I43),"◆",""),IF(AND($C43="Task",$M43<>"",AZ$7<=IF($N43="",$D$4,$N43),AZ$7+6>=$M43),"●",""))
A44: H12 | B44: O4 met: switching and protection PCB | C44: Milestone | D44: O4 | E44: H11 | F44: No | G44: 46367 | H44: 46367 | I44: 46346 | J44: 46346 | K44: =IF(C44="Task",ROUND((J44-I44+3)/7,0),"") | P44: =IF(C44="Break","",IF(C44="Milestone",IF(N44<>"","Done",IF($D$4>J44,"Overdue","Upcoming")),IF(N(O44)>=1,"Done",IF($D$4<I44,"Not started",IF($D$4>J44,"Late",IF(N(O44)+0.1<($D$4-I44+1)/(J44-I44+1),"Behind","On track")))))) -> Upcoming | Q44: =IF(C44="Break","",ROUND((IF(N44<>"",N44,J44)-H44)/7,1)) -> -3 | R44: =IF(C44="Milestone",IF(N44<>"","✓",""),IF(AND(C44="Task",N(O44)>=1),"✓","")) | S44: =IF(C44="Task",K44*N(O44),"") | U44: =IF($C44="Milestone",IF(AND(U$7<=$I44,U$7+6>=$I44),"◆",""),IF(AND($C44="Task",$M44<>"",U$7<=IF($N44="",$D$4,$N44),U$7+6>=$M44),"●","")) | V44: =IF($C44="Milestone",IF(AND(V$7<=$I44,V$7+6>=$I44),"◆",""),IF(AND($C44="Task",$M44<>"",V$7<=IF($N44="",$D$4,$N44),V$7+6>=$M44),"●","")) | W44: =IF($C44="Milestone",IF(AND(W$7<=$I44,W$7+6>=$I44),"◆",""),IF(AND($C44="Task",$M44<>"",W$7<=IF($N44="",$D$4,$N44),W$7+6>=$M44),"●","")) | X44: =IF($C44="Milestone",IF(AND(X$7<=$I44,X$7+6>=$I44),"◆",""),IF(AND($C44="Task",$M44<>"",X$7<=IF($N44="",$D$4,$N44),X$7+6>=$M44),"●","")) | Y44: =IF($C44="Milestone",IF(AND(Y$7<=$I44,Y$7+6>=$I44),"◆",""),IF(AND($C44="Task",$M44<>"",Y$7<=IF($N44="",$D$4,$N44),Y$7+6>=$M44),"●","")) -> ◆ | Z44: =IF($C44="Milestone",IF(AND(Z$7<=$I44,Z$7+6>=$I44),"◆",""),IF(AND($C44="Task",$M44<>"",Z$7<=IF($N44="",$D$4,$N44),Z$7+6>=$M44),"●","")) | AA44: =IF($C44="Milestone",IF(AND(AA$7<=$I44,AA$7+6>=$I44),"◆",""),IF(AND($C44="Task",$M44<>"",AA$7<=IF($N44="",$D$4,$N44),AA$7+6>=$M44),"●","")) | AB44: =IF($C44="Milestone",IF(AND(AB$7<=$I44,AB$7+6>=$I44),"◆",""),IF(AND($C44="Task",$M44<>"",AB$7<=IF($N44="",$D$4,$N44),AB$7+6>=$M44),"●","")) | ... AZ44: =IF($C44="Milestone",IF(AND(AZ$7<=$I44,AZ$7+6>=$I44),"◆",""),IF(AND($C44="Task",$M44<>"",AZ$7<=IF($N44="",$D$4,$N44),AZ$7+6>=$M44),"●",""))
A45: H13 | B45: Electronic load: breadboard loop, step response, tuning | C45: Task | D45: O3 | E45: H6 | F45: Yes | G45: 46356 | H45: 46360 | I45: 46342 | J45: 46346 | K45: =IF(C45="Task",ROUND((J45-I45+3)/7,0),"") -> 1 | L45: 0 | P45: =IF(C45="Break","",IF(C45="Milestone",IF(N45<>"","Done",IF($D$4>J45,"Overdue","Upcoming")),IF(N(O45)>=1,"Done",IF($D$4<I45,"Not started",IF($D$4>J45,"Late",IF(N(O45)+0.1<($D$4-I45+1)/(J45-I45+1),"Behind","On track")))))) -> Not started | Q45: =IF(C45="Break","",ROUND((IF(N45<>"",N45,J45)-H45)/7,1)) -> -2 | R45: =IF(C45="Milestone",IF(N45<>"","✓",""),IF(AND(C45="Task",N(O45)>=1),"✓","")) | S45: =IF(C45="Task",K45*N(O45),"") -> 0 | U45: =IF($C45="Milestone",IF(AND(U$7<=$I45,U$7+6>=$I45),"◆",""),IF(AND($C45="Task",$M45<>"",U$7<=IF($N45="",$D$4,$N45),U$7+6>=$M45),"●","")) | V45: =IF($C45="Milestone",IF(AND(V$7<=$I45,V$7+6>=$I45),"◆",""),IF(AND($C45="Task",$M45<>"",V$7<=IF($N45="",$D$4,$N45),V$7+6>=$M45),"●","")) | W45: =IF($C45="Milestone",IF(AND(W$7<=$I45,W$7+6>=$I45),"◆",""),IF(AND($C45="Task",$M45<>"",W$7<=IF($N45="",$D$4,$N45),W$7+6>=$M45),"●","")) | X45: =IF($C45="Milestone",IF(AND(X$7<=$I45,X$7+6>=$I45),"◆",""),IF(AND($C45="Task",$M45<>"",X$7<=IF($N45="",$D$4,$N45),X$7+6>=$M45),"●","")) | Y45: =IF($C45="Milestone",IF(AND(Y$7<=$I45,Y$7+6>=$I45),"◆",""),IF(AND($C45="Task",$M45<>"",Y$7<=IF($N45="",$D$4,$N45),Y$7+6>=$M45),"●","")) | Z45: =IF($C45="Milestone",IF(AND(Z$7<=$I45,Z$7+6>=$I45),"◆",""),IF(AND($C45="Task",$M45<>"",Z$7<=IF($N45="",$D$4,$N45),Z$7+6>=$M45),"●","")) | AA45: =IF($C45="Milestone",IF(AND(AA$7<=$I45,AA$7+6>=$I45),"◆",""),IF(AND($C45="Task",$M45<>"",AA$7<=IF($N45="",$D$4,$N45),AA$7+6>=$M45),"●","")) | AB45: =IF($C45="Milestone",IF(AND(AB$7<=$I45,AB$7+6>=$I45),"◆",""),IF(AND($C45="Task",$M45<>"",AB$7<=IF($N45="",$D$4,$N45),AB$7+6>=$M45),"●","")) | ... AZ45: =IF($C45="Milestone",IF(AND(AZ$7<=$I45,AZ$7+6>=$I45),"◆",""),IF(AND($C45="Task",$M45<>"",AZ$7<=IF($N45="",$D$4,$N45),AZ$7+6>=$M45),"●",""))
A46: H14 | B46: Electronic load: PCB submission | C46: Task | D46: O3 | E46: H13 | F46: Yes | G46: 46363 | H46: 46367 | I46: 46349 | J46: 46353 | K46: =IF(C46="Task",ROUND((J46-I46+3)/7,0),"") -> 1 | L46: 0 | P46: =IF(C46="Break","",IF(C46="Milestone",IF(N46<>"","Done",IF($D$4>J46,"Overdue","Upcoming")),IF(N(O46)>=1,"Done",IF($D$4<I46,"Not started",IF($D$4>J46,"Late",IF(N(O46)+0.1<($D$4-I46+1)/(J46-I46+1),"Behind","On track")))))) -> Not started | Q46: =IF(C46="Break","",ROUND((IF(N46<>"",N46,J46)-H46)/7,1)) -> -2 | R46: =IF(C46="Milestone",IF(N46<>"","✓",""),IF(AND(C46="Task",N(O46)>=1),"✓","")) | S46: =IF(C46="Task",K46*N(O46),"") -> 0 | U46: =IF($C46="Milestone",IF(AND(U$7<=$I46,U$7+6>=$I46),"◆",""),IF(AND($C46="Task",$M46<>"",U$7<=IF($N46="",$D$4,$N46),U$7+6>=$M46),"●","")) | V46: =IF($C46="Milestone",IF(AND(V$7<=$I46,V$7+6>=$I46),"◆",""),IF(AND($C46="Task",$M46<>"",V$7<=IF($N46="",$D$4,$N46),V$7+6>=$M46),"●","")) | W46: =IF($C46="Milestone",IF(AND(W$7<=$I46,W$7+6>=$I46),"◆",""),IF(AND($C46="Task",$M46<>"",W$7<=IF($N46="",$D$4,$N46),W$7+6>=$M46),"●","")) | X46: =IF($C46="Milestone",IF(AND(X$7<=$I46,X$7+6>=$I46),"◆",""),IF(AND($C46="Task",$M46<>"",X$7<=IF($N46="",$D$4,$N46),X$7+6>=$M46),"●","")) | Y46: =IF($C46="Milestone",IF(AND(Y$7<=$I46,Y$7+6>=$I46),"◆",""),IF(AND($C46="Task",$M46<>"",Y$7<=IF($N46="",$D$4,$N46),Y$7+6>=$M46),"●","")) | Z46: =IF($C46="Milestone",IF(AND(Z$7<=$I46,Z$7+6>=$I46),"◆",""),IF(AND($C46="Task",$M46<>"",Z$7<=IF($N46="",$D$4,$N46),Z$7+6>=$M46),"●","")) | AA46: =IF($C46="Milestone",IF(AND(AA$7<=$I46,AA$7+6>=$I46),"◆",""),IF(AND($C46="Task",$M46<>"",AA$7<=IF($N46="",$D$4,$N46),AA$7+6>=$M46),"●","")) | AB46: =IF($C46="Milestone",IF(AND(AB$7<=$I46,AB$7+6>=$I46),"◆",""),IF(AND($C46="Task",$M46<>"",AB$7<=IF($N46="",$D$4,$N46),AB$7+6>=$M46),"●","")) | ... AZ46: =IF($C46="Milestone",IF(AND(AZ$7<=$I46,AZ$7+6>=$I46),"◆",""),IF(AND($C46="Task",$M46<>"",AZ$7<=IF($N46="",$D$4,$N46),AZ$7+6>=$M46),"●",""))
A47: H15 | B47: Electronic load: assembly and T3 tests | C47: Task | D47: O3 | E47: H14 | F47: Yes | G47: 46370 | H47: 46374 | I47: 46349 | J47: 46360 | K47: =IF(C47="Task",ROUND((J47-I47+3)/7,0),"") -> 2 | L47: 0 | P47: =IF(C47="Break","",IF(C47="Milestone",IF(N47<>"","Done",IF($D$4>J47,"Overdue","Upcoming")),IF(N(O47)>=1,"Done",IF($D$4<I47,"Not started",IF($D$4>J47,"Late",IF(N(O47)+0.1<($D$4-I47+1)/(J47-I47+1),"Behind","On track")))))) -> Not started | Q47: =IF(C47="Break","",ROUND((IF(N47<>"",N47,J47)-H47)/7,1)) -> -2 | R47: =IF(C47="Milestone",IF(N47<>"","✓",""),IF(AND(C47="Task",N(O47)>=1),"✓","")) | S47: =IF(C47="Task",K47*N(O47),"") -> 0 | U47: =IF($C47="Milestone",IF(AND(U$7<=$I47,U$7+6>=$I47),"◆",""),IF(AND($C47="Task",$M47<>"",U$7<=IF($N47="",$D$4,$N47),U$7+6>=$M47),"●","")) | V47: =IF($C47="Milestone",IF(AND(V$7<=$I47,V$7+6>=$I47),"◆",""),IF(AND($C47="Task",$M47<>"",V$7<=IF($N47="",$D$4,$N47),V$7+6>=$M47),"●","")) | W47: =IF($C47="Milestone",IF(AND(W$7<=$I47,W$7+6>=$I47),"◆",""),IF(AND($C47="Task",$M47<>"",W$7<=IF($N47="",$D$4,$N47),W$7+6>=$M47),"●","")) | X47: =IF($C47="Milestone",IF(AND(X$7<=$I47,X$7+6>=$I47),"◆",""),IF(AND($C47="Task",$M47<>"",X$7<=IF($N47="",$D$4,$N47),X$7+6>=$M47),"●","")) | Y47: =IF($C47="Milestone",IF(AND(Y$7<=$I47,Y$7+6>=$I47),"◆",""),IF(AND($C47="Task",$M47<>"",Y$7<=IF($N47="",$D$4,$N47),Y$7+6>=$M47),"●","")) | Z47: =IF($C47="Milestone",IF(AND(Z$7<=$I47,Z$7+6>=$I47),"◆",""),IF(AND($C47="Task",$M47<>"",Z$7<=IF($N47="",$D$4,$N47),Z$7+6>=$M47),"●","")) | AA47: =IF($C47="Milestone",IF(AND(AA$7<=$I47,AA$7+6>=$I47),"◆",""),IF(AND($C47="Task",$M47<>"",AA$7<=IF($N47="",$D$4,$N47),AA$7+6>=$M47),"●","")) | AB47: =IF($C47="Milestone",IF(AND(AB$7<=$I47,AB$7+6>=$I47),"◆",""),IF(AND($C47="Task",$M47<>"",AB$7<=IF($N47="",$D$4,$N47),AB$7+6>=$M47),"●","")) | ... AZ47: =IF($C47="Milestone",IF(AND(AZ$7<=$I47,AZ$7+6>=$I47),"◆",""),IF(AND($C47="Task",$M47<>"",AZ$7<=IF($N47="",$D$4,$N47),AZ$7+6>=$M47),"●",""))
A48: H16 | B48: O3 met: electronic load | C48: Milestone | D48: O3 | E48: H15 | F48: Yes | G48: 46374 | H48: 46374 | I48: 46360 | J48: 46360 | K48: =IF(C48="Task",ROUND((J48-I48+3)/7,0),"") | P48: =IF(C48="Break","",IF(C48="Milestone",IF(N48<>"","Done",IF($D$4>J48,"Overdue","Upcoming")),IF(N(O48)>=1,"Done",IF($D$4<I48,"Not started",IF($D$4>J48,"Late",IF(N(O48)+0.1<($D$4-I48+1)/(J48-I48+1),"Behind","On track")))))) -> Upcoming | Q48: =IF(C48="Break","",ROUND((IF(N48<>"",N48,J48)-H48)/7,1)) -> -2 | R48: =IF(C48="Milestone",IF(N48<>"","✓",""),IF(AND(C48="Task",N(O48)>=1),"✓","")) | S48: =IF(C48="Task",K48*N(O48),"") | U48: =IF($C48="Milestone",IF(AND(U$7<=$I48,U$7+6>=$I48),"◆",""),IF(AND($C48="Task",$M48<>"",U$7<=IF($N48="",$D$4,$N48),U$7+6>=$M48),"●","")) | V48: =IF($C48="Milestone",IF(AND(V$7<=$I48,V$7+6>=$I48),"◆",""),IF(AND($C48="Task",$M48<>"",V$7<=IF($N48="",$D$4,$N48),V$7+6>=$M48),"●","")) | W48: =IF($C48="Milestone",IF(AND(W$7<=$I48,W$7+6>=$I48),"◆",""),IF(AND($C48="Task",$M48<>"",W$7<=IF($N48="",$D$4,$N48),W$7+6>=$M48),"●","")) | X48: =IF($C48="Milestone",IF(AND(X$7<=$I48,X$7+6>=$I48),"◆",""),IF(AND($C48="Task",$M48<>"",X$7<=IF($N48="",$D$4,$N48),X$7+6>=$M48),"●","")) | Y48: =IF($C48="Milestone",IF(AND(Y$7<=$I48,Y$7+6>=$I48),"◆",""),IF(AND($C48="Task",$M48<>"",Y$7<=IF($N48="",$D$4,$N48),Y$7+6>=$M48),"●","")) | Z48: =IF($C48="Milestone",IF(AND(Z$7<=$I48,Z$7+6>=$I48),"◆",""),IF(AND($C48="Task",$M48<>"",Z$7<=IF($N48="",$D$4,$N48),Z$7+6>=$M48),"●","")) | AA48: =IF($C48="Milestone",IF(AND(AA$7<=$I48,AA$7+6>=$I48),"◆",""),IF(AND($C48="Task",$M48<>"",AA$7<=IF($N48="",$D$4,$N48),AA$7+6>=$M48),"●","")) -> ◆ | AB48: =IF($C48="Milestone",IF(AND(AB$7<=$I48,AB$7+6>=$I48),"◆",""),IF(AND($C48="Task",$M48<>"",AB$7<=IF($N48="",$D$4,$N48),AB$7+6>=$M48),"●","")) | ... AZ48: =IF($C48="Milestone",IF(AND(AZ$7<=$I48,AZ$7+6>=$I48),"◆",""),IF(AND($C48="Task",$M48<>"",AZ$7<=IF($N48="",$D$4,$N48),AZ$7+6>=$M48),"●",""))
A49: H17 | B49: Battery round-trip efficiency test | C49: Task | D49: O8 | E49: H1 | F49: No | G49: 46363 | H49: 46367 | I49: 46349 | J49: 46353 | K49: =IF(C49="Task",ROUND((J49-I49+3)/7,0),"") -> 1 | L49: 1 | P49: =IF(C49="Break","",IF(C49="Milestone",IF(N49<>"","Done",IF($D$4>J49,"Overdue","Upcoming")),IF(N(O49)>=1,"Done",IF($D$4<I49,"Not started",IF($D$4>J49,"Late",IF(N(O49)+0.1<($D$4-I49+1)/(J49-I49+1),"Behind","On track")))))) -> Not started | Q49: =IF(C49="Break","",ROUND((IF(N49<>"",N49,J49)-H49)/7,1)) -> -2 | R49: =IF(C49="Milestone",IF(N49<>"","✓",""),IF(AND(C49="Task",N(O49)>=1),"✓","")) | S49: =IF(C49="Task",K49*N(O49),"") -> 0 | U49: =IF($C49="Milestone",IF(AND(U$7<=$I49,U$7+6>=$I49),"◆",""),IF(AND($C49="Task",$M49<>"",U$7<=IF($N49="",$D$4,$N49),U$7+6>=$M49),"●","")) | V49: =IF($C49="Milestone",IF(AND(V$7<=$I49,V$7+6>=$I49),"◆",""),IF(AND($C49="Task",$M49<>"",V$7<=IF($N49="",$D$4,$N49),V$7+6>=$M49),"●","")) | W49: =IF($C49="Milestone",IF(AND(W$7<=$I49,W$7+6>=$I49),"◆",""),IF(AND($C49="Task",$M49<>"",W$7<=IF($N49="",$D$4,$N49),W$7+6>=$M49),"●","")) | X49: =IF($C49="Milestone",IF(AND(X$7<=$I49,X$7+6>=$I49),"◆",""),IF(AND($C49="Task",$M49<>"",X$7<=IF($N49="",$D$4,$N49),X$7+6>=$M49),"●","")) | Y49: =IF($C49="Milestone",IF(AND(Y$7<=$I49,Y$7+6>=$I49),"◆",""),IF(AND($C49="Task",$M49<>"",Y$7<=IF($N49="",$D$4,$N49),Y$7+6>=$M49),"●","")) | Z49: =IF($C49="Milestone",IF(AND(Z$7<=$I49,Z$7+6>=$I49),"◆",""),IF(AND($C49="Task",$M49<>"",Z$7<=IF($N49="",$D$4,$N49),Z$7+6>=$M49),"●","")) | AA49: =IF($C49="Milestone",IF(AND(AA$7<=$I49,AA$7+6>=$I49),"◆",""),IF(AND($C49="Task",$M49<>"",AA$7<=IF($N49="",$D$4,$N49),AA$7+6>=$M49),"●","")) | AB49: =IF($C49="Milestone",IF(AND(AB$7<=$I49,AB$7+6>=$I49),"◆",""),IF(AND($C49="Task",$M49<>"",AB$7<=IF($N49="",$D$4,$N49),AB$7+6>=$M49),"●","")) | ... AZ49: =IF($C49="Milestone",IF(AND(AZ$7<=$I49,AZ$7+6>=$I49),"◆",""),IF(AND($C49="Task",$M49<>"",AZ$7<=IF($N49="",$D$4,$N49),AZ$7+6>=$M49),"●",""))
B50: Christmas and January exams | C50: Group
A51: X1 | B51: Christmas and January exams (no planned project work) | C51: Break | G51: 46377 | H51: 46409 | I51: 46377 | J51: 46409 | K51: =IF(C51="Task",ROUND((J51-I51+3)/7,0),"") | P51: =IF(C51="Break","",IF(C51="Milestone",IF(N51<>"","Done",IF($D$4>J51,"Overdue","Upcoming")),IF(N(O51)>=1,"Done",IF($D$4<I51,"Not started",IF($D$4>J51,"Late",IF(N(O51)+0.1<($D$4-I51+1)/(J51-I51+1),"Behind","On track")))))) | Q51: =IF(C51="Break","",ROUND((IF(N51<>"",N51,J51)-H51)/7,1)) | R51: =IF(C51="Milestone",IF(N51<>"","✓",""),IF(AND(C51="Task",N(O51)>=1),"✓","")) | S51: =IF(C51="Task",K51*N(O51),"") | U51: =IF($C51="Milestone",IF(AND(U$7<=$I51,U$7+6>=$I51),"◆",""),IF(AND($C51="Task",$M51<>"",U$7<=IF($N51="",$D$4,$N51),U$7+6>=$M51),"●","")) | V51: =IF($C51="Milestone",IF(AND(V$7<=$I51,V$7+6>=$I51),"◆",""),IF(AND($C51="Task",$M51<>"",V$7<=IF($N51="",$D$4,$N51),V$7+6>=$M51),"●","")) | W51: =IF($C51="Milestone",IF(AND(W$7<=$I51,W$7+6>=$I51),"◆",""),IF(AND($C51="Task",$M51<>"",W$7<=IF($N51="",$D$4,$N51),W$7+6>=$M51),"●","")) | X51: =IF($C51="Milestone",IF(AND(X$7<=$I51,X$7+6>=$I51),"◆",""),IF(AND($C51="Task",$M51<>"",X$7<=IF($N51="",$D$4,$N51),X$7+6>=$M51),"●","")) | Y51: =IF($C51="Milestone",IF(AND(Y$7<=$I51,Y$7+6>=$I51),"◆",""),IF(AND($C51="Task",$M51<>"",Y$7<=IF($N51="",$D$4,$N51),Y$7+6>=$M51),"●","")) | Z51: =IF($C51="Milestone",IF(AND(Z$7<=$I51,Z$7+6>=$I51),"◆",""),IF(AND($C51="Task",$M51<>"",Z$7<=IF($N51="",$D$4,$N51),Z$7+6>=$M51),"●","")) | AA51: =IF($C51="Milestone",IF(AND(AA$7<=$I51,AA$7+6>=$I51),"◆",""),IF(AND($C51="Task",$M51<>"",AA$7<=IF($N51="",$D$4,$N51),AA$7+6>=$M51),"●","")) | AB51: =IF($C51="Milestone",IF(AND(AB$7<=$I51,AB$7+6>=$I51),"◆",""),IF(AND($C51="Task",$M51<>"",AB$7<=IF($N51="",$D$4,$N51),AB$7+6>=$M51),"●","")) | ... AZ51: =IF($C51="Milestone",IF(AND(AZ$7<=$I51,AZ$7+6>=$I51),"◆",""),IF(AND($C51="Task",$M51<>"",AZ$7<=IF($N51="",$D$4,$N51),AZ$7+6>=$M51),"●",""))
B52: Firmware and interface (ESP32) | C52: Group
A53: F1 | B53: FreeRTOS practice task | C53: Task | D53: O6 | F53: No | G53: 46328 | H53: 46332 | I53: 46321 | J53: 46332 | K53: =IF(C53="Task",ROUND((J53-I53+3)/7,0),"") -> 2 | L53: 2 | P53: =IF(C53="Break","",IF(C53="Milestone",IF(N53<>"","Done",IF($D$4>J53,"Overdue","Upcoming")),IF(N(O53)>=1,"Done",IF($D$4<I53,"Not started",IF($D$4>J53,"Late",IF(N(O53)+0.1<($D$4-I53+1)/(J53-I53+1),"Behind","On track")))))) -> Not started | Q53: =IF(C53="Break","",ROUND((IF(N53<>"",N53,J53)-H53)/7,1)) -> 0 | R53: =IF(C53="Milestone",IF(N53<>"","✓",""),IF(AND(C53="Task",N(O53)>=1),"✓","")) | S53: =IF(C53="Task",K53*N(O53),"") -> 0 | U53: =IF($C53="Milestone",IF(AND(U$7<=$I53,U$7+6>=$I53),"◆",""),IF(AND($C53="Task",$M53<>"",U$7<=IF($N53="",$D$4,$N53),U$7+6>=$M53),"●","")) | V53: =IF($C53="Milestone",IF(AND(V$7<=$I53,V$7+6>=$I53),"◆",""),IF(AND($C53="Task",$M53<>"",V$7<=IF($N53="",$D$4,$N53),V$7+6>=$M53),"●","")) | W53: =IF($C53="Milestone",IF(AND(W$7<=$I53,W$7+6>=$I53),"◆",""),IF(AND($C53="Task",$M53<>"",W$7<=IF($N53="",$D$4,$N53),W$7+6>=$M53),"●","")) | X53: =IF($C53="Milestone",IF(AND(X$7<=$I53,X$7+6>=$I53),"◆",""),IF(AND($C53="Task",$M53<>"",X$7<=IF($N53="",$D$4,$N53),X$7+6>=$M53),"●","")) | Y53: =IF($C53="Milestone",IF(AND(Y$7<=$I53,Y$7+6>=$I53),"◆",""),IF(AND($C53="Task",$M53<>"",Y$7<=IF($N53="",$D$4,$N53),Y$7+6>=$M53),"●","")) | Z53: =IF($C53="Milestone",IF(AND(Z$7<=$I53,Z$7+6>=$I53),"◆",""),IF(AND($C53="Task",$M53<>"",Z$7<=IF($N53="",$D$4,$N53),Z$7+6>=$M53),"●","")) | AA53: =IF($C53="Milestone",IF(AND(AA$7<=$I53,AA$7+6>=$I53),"◆",""),IF(AND($C53="Task",$M53<>"",AA$7<=IF($N53="",$D$4,$N53),AA$7+6>=$M53),"●","")) | AB53: =IF($C53="Milestone",IF(AND(AB$7<=$I53,AB$7+6>=$I53),"◆",""),IF(AND($C53="Task",$M53<>"",AB$7<=IF($N53="",$D$4,$N53),AB$7+6>=$M53),"●","")) | ... AZ53: =IF($C53="Milestone",IF(AND(AZ$7<=$I53,AZ$7+6>=$I53),"◆",""),IF(AND($C53="Task",$M53<>"",AZ$7<=IF($N53="",$D$4,$N53),AZ$7+6>=$M53),"●",""))
A54: F2 | B54: DP planner on the ESP32 under FreeRTOS | C54: Task | D54: O6 | E54: H15, S6 | F54: Yes | G54: 46412 | H54: 46430 | I54: 46363 | J54: 46416 | K54: =IF(C54="Task",ROUND((J54-I54+3)/7,0),"") -> 8 | L54: 0 | P54: =IF(C54="Break","",IF(C54="Milestone",IF(N54<>"","Done",IF($D$4>J54,"Overdue","Upcoming")),IF(N(O54)>=1,"Done",IF($D$4<I54,"Not started",IF($D$4>J54,"Late",IF(N(O54)+0.1<($D$4-I54+1)/(J54-I54+1),"Behind","On track")))))) -> Not started | Q54: =IF(C54="Break","",ROUND((IF(N54<>"",N54,J54)-H54)/7,1)) -> -2 | R54: =IF(C54="Milestone",IF(N54<>"","✓",""),IF(AND(C54="Task",N(O54)>=1),"✓","")) | S54: =IF(C54="Task",K54*N(O54),"") -> 0 | U54: =IF($C54="Milestone",IF(AND(U$7<=$I54,U$7+6>=$I54),"◆",""),IF(AND($C54="Task",$M54<>"",U$7<=IF($N54="",$D$4,$N54),U$7+6>=$M54),"●","")) | V54: =IF($C54="Milestone",IF(AND(V$7<=$I54,V$7+6>=$I54),"◆",""),IF(AND($C54="Task",$M54<>"",V$7<=IF($N54="",$D$4,$N54),V$7+6>=$M54),"●","")) | W54: =IF($C54="Milestone",IF(AND(W$7<=$I54,W$7+6>=$I54),"◆",""),IF(AND($C54="Task",$M54<>"",W$7<=IF($N54="",$D$4,$N54),W$7+6>=$M54),"●","")) | X54: =IF($C54="Milestone",IF(AND(X$7<=$I54,X$7+6>=$I54),"◆",""),IF(AND($C54="Task",$M54<>"",X$7<=IF($N54="",$D$4,$N54),X$7+6>=$M54),"●","")) | Y54: =IF($C54="Milestone",IF(AND(Y$7<=$I54,Y$7+6>=$I54),"◆",""),IF(AND($C54="Task",$M54<>"",Y$7<=IF($N54="",$D$4,$N54),Y$7+6>=$M54),"●","")) | Z54: =IF($C54="Milestone",IF(AND(Z$7<=$I54,Z$7+6>=$I54),"◆",""),IF(AND($C54="Task",$M54<>"",Z$7<=IF($N54="",$D$4,$N54),Z$7+6>=$M54),"●","")) | AA54: =IF($C54="Milestone",IF(AND(AA$7<=$I54,AA$7+6>=$I54),"◆",""),IF(AND($C54="Task",$M54<>"",AA$7<=IF($N54="",$D$4,$N54),AA$7+6>=$M54),"●","")) | AB54: =IF($C54="Milestone",IF(AND(AB$7<=$I54,AB$7+6>=$I54),"◆",""),IF(AND($C54="Task",$M54<>"",AB$7<=IF($N54="",$D$4,$N54),AB$7+6>=$M54),"●","")) | ... AZ54: =IF($C54="Milestone",IF(AND(AZ$7<=$I54,AZ$7+6>=$I54),"◆",""),IF(AND($C54="Task",$M54<>"",AZ$7<=IF($N54="",$D$4,$N54),AZ$7+6>=$M54),"●",""))
A55: F3 | B55: T6: re-plan timing and memory | C55: Task | D55: O6 | E55: F2 | F55: Yes | G55: 46433 | H55: 46437 | I55: 46412 | J55: 46416 | K55: =IF(C55="Task",ROUND((J55-I55+3)/7,0),"") -> 1 | L55: 0 | P55: =IF(C55="Break","",IF(C55="Milestone",IF(N55<>"","Done",IF($D$4>J55,"Overdue","Upcoming")),IF(N(O55)>=1,"Done",IF($D$4<I55,"Not started",IF($D$4>J55,"Late",IF(N(O55)+0.1<($D$4-I55+1)/(J55-I55+1),"Behind","On track")))))) -> Not started | Q55: =IF(C55="Break","",ROUND((IF(N55<>"",N55,J55)-H55)/7,1)) -> -3 | R55: =IF(C55="Milestone",IF(N55<>"","✓",""),IF(AND(C55="Task",N(O55)>=1),"✓","")) | S55: =IF(C55="Task",K55*N(O55),"") -> 0 | U55: =IF($C55="Milestone",IF(AND(U$7<=$I55,U$7+6>=$I55),"◆",""),IF(AND($C55="Task",$M55<>"",U$7<=IF($N55="",$D$4,$N55),U$7+6>=$M55),"●","")) | V55: =IF($C55="Milestone",IF(AND(V$7<=$I55,V$7+6>=$I55),"◆",""),IF(AND($C55="Task",$M55<>"",V$7<=IF($N55="",$D$4,$N55),V$7+6>=$M55),"●","")) | W55: =IF($C55="Milestone",IF(AND(W$7<=$I55,W$7+6>=$I55),"◆",""),IF(AND($C55="Task",$M55<>"",W$7<=IF($N55="",$D$4,$N55),W$7+6>=$M55),"●","")) | X55: =IF($C55="Milestone",IF(AND(X$7<=$I55,X$7+6>=$I55),"◆",""),IF(AND($C55="Task",$M55<>"",X$7<=IF($N55="",$D$4,$N55),X$7+6>=$M55),"●","")) | Y55: =IF($C55="Milestone",IF(AND(Y$7<=$I55,Y$7+6>=$I55),"◆",""),IF(AND($C55="Task",$M55<>"",Y$7<=IF($N55="",$D$4,$N55),Y$7+6>=$M55),"●","")) | Z55: =IF($C55="Milestone",IF(AND(Z$7<=$I55,Z$7+6>=$I55),"◆",""),IF(AND($C55="Task",$M55<>"",Z$7<=IF($N55="",$D$4,$N55),Z$7+6>=$M55),"●","")) | AA55: =IF($C55="Milestone",IF(AND(AA$7<=$I55,AA$7+6>=$I55),"◆",""),IF(AND($C55="Task",$M55<>"",AA$7<=IF($N55="",$D$4,$N55),AA$7+6>=$M55),"●","")) | AB55: =IF($C55="Milestone",IF(AND(AB$7<=$I55,AB$7+6>=$I55),"◆",""),IF(AND($C55="Task",$M55<>"",AB$7<=IF($N55="",$D$4,$N55),AB$7+6>=$M55),"●","")) | ... AZ55: =IF($C55="Milestone",IF(AND(AZ$7<=$I55,AZ$7+6>=$I55),"◆",""),IF(AND($C55="Task",$M55<>"",AZ$7<=IF($N55="",$D$4,$N55),AZ$7+6>=$M55),"●",""))
A56: F4 | B56: O6 met: adaptive controller | C56: Milestone | D56: O6 | E56: F3 | F56: Yes | G56: 46444 | H56: 46444 | I56: 46416 | J56: 46416 | K56: =IF(C56="Task",ROUND((J56-I56+3)/7,0),"") | P56: =IF(C56="Break","",IF(C56="Milestone",IF(N56<>"","Done",IF($D$4>J56,"Overdue","Upcoming")),IF(N(O56)>=1,"Done",IF($D$4<I56,"Not started",IF($D$4>J56,"Late",IF(N(O56)+0.1<($D$4-I56+1)/(J56-I56+1),"Behind","On track")))))) -> Upcoming | Q56: =IF(C56="Break","",ROUND((IF(N56<>"",N56,J56)-H56)/7,1)) -> -4 | R56: =IF(C56="Milestone",IF(N56<>"","✓",""),IF(AND(C56="Task",N(O56)>=1),"✓","")) | S56: =IF(C56="Task",K56*N(O56),"") | U56: =IF($C56="Milestone",IF(AND(U$7<=$I56,U$7+6>=$I56),"◆",""),IF(AND($C56="Task",$M56<>"",U$7<=IF($N56="",$D$4,$N56),U$7+6>=$M56),"●","")) | V56: =IF($C56="Milestone",IF(AND(V$7<=$I56,V$7+6>=$I56),"◆",""),IF(AND($C56="Task",$M56<>"",V$7<=IF($N56="",$D$4,$N56),V$7+6>=$M56),"●","")) | W56: =IF($C56="Milestone",IF(AND(W$7<=$I56,W$7+6>=$I56),"◆",""),IF(AND($C56="Task",$M56<>"",W$7<=IF($N56="",$D$4,$N56),W$7+6>=$M56),"●","")) | X56: =IF($C56="Milestone",IF(AND(X$7<=$I56,X$7+6>=$I56),"◆",""),IF(AND($C56="Task",$M56<>"",X$7<=IF($N56="",$D$4,$N56),X$7+6>=$M56),"●","")) | Y56: =IF($C56="Milestone",IF(AND(Y$7<=$I56,Y$7+6>=$I56),"◆",""),IF(AND($C56="Task",$M56<>"",Y$7<=IF($N56="",$D$4,$N56),Y$7+6>=$M56),"●","")) | Z56: =IF($C56="Milestone",IF(AND(Z$7<=$I56,Z$7+6>=$I56),"◆",""),IF(AND($C56="Task",$M56<>"",Z$7<=IF($N56="",$D$4,$N56),Z$7+6>=$M56),"●","")) | AA56: =IF($C56="Milestone",IF(AND(AA$7<=$I56,AA$7+6>=$I56),"◆",""),IF(AND($C56="Task",$M56<>"",AA$7<=IF($N56="",$D$4,$N56),AA$7+6>=$M56),"●","")) | AB56: =IF($C56="Milestone",IF(AND(AB$7<=$I56,AB$7+6>=$I56),"◆",""),IF(AND($C56="Task",$M56<>"",AB$7<=IF($N56="",$D$4,$N56),AB$7+6>=$M56),"●","")) | ... AZ56: =IF($C56="Milestone",IF(AND(AZ$7<=$I56,AZ$7+6>=$I56),"◆",""),IF(AND($C56="Task",$M56<>"",AZ$7<=IF($N56="",$D$4,$N56),AZ$7+6>=$M56),"●",""))
A57: U1 | B57: LCD, LED price bar and buttons | C57: Task | D57: O7 | E57: H11 | F57: No | G57: 46412 | H57: 46423 | I57: 46363 | J57: 46374 | K57: =IF(C57="Task",ROUND((J57-I57+3)/7,0),"") -> 2 | L57: 1 | P57: =IF(C57="Break","",IF(C57="Milestone",IF(N57<>"","Done",IF($D$4>J57,"Overdue","Upcoming")),IF(N(O57)>=1,"Done",IF($D$4<I57,"Not started",IF($D$4>J57,"Late",IF(N(O57)+0.1<($D$4-I57+1)/(J57-I57+1),"Behind","On track")))))) -> Not started | Q57: =IF(C57="Break","",ROUND((IF(N57<>"",N57,J57)-H57)/7,1)) -> -7 | R57: =IF(C57="Milestone",IF(N57<>"","✓",""),IF(AND(C57="Task",N(O57)>=1),"✓","")) | S57: =IF(C57="Task",K57*N(O57),"") -> 0 | U57: =IF($C57="Milestone",IF(AND(U$7<=$I57,U$7+6>=$I57),"◆",""),IF(AND($C57="Task",$M57<>"",U$7<=IF($N57="",$D$4,$N57),U$7+6>=$M57),"●","")) | V57: =IF($C57="Milestone",IF(AND(V$7<=$I57,V$7+6>=$I57),"◆",""),IF(AND($C57="Task",$M57<>"",V$7<=IF($N57="",$D$4,$N57),V$7+6>=$M57),"●","")) | W57: =IF($C57="Milestone",IF(AND(W$7<=$I57,W$7+6>=$I57),"◆",""),IF(AND($C57="Task",$M57<>"",W$7<=IF($N57="",$D$4,$N57),W$7+6>=$M57),"●","")) | X57: =IF($C57="Milestone",IF(AND(X$7<=$I57,X$7+6>=$I57),"◆",""),IF(AND($C57="Task",$M57<>"",X$7<=IF($N57="",$D$4,$N57),X$7+6>=$M57),"●","")) | Y57: =IF($C57="Milestone",IF(AND(Y$7<=$I57,Y$7+6>=$I57),"◆",""),IF(AND($C57="Task",$M57<>"",Y$7<=IF($N57="",$D$4,$N57),Y$7+6>=$M57),"●","")) | Z57: =IF($C57="Milestone",IF(AND(Z$7<=$I57,Z$7+6>=$I57),"◆",""),IF(AND($C57="Task",$M57<>"",Z$7<=IF($N57="",$D$4,$N57),Z$7+6>=$M57),"●","")) | AA57: =IF($C57="Milestone",IF(AND(AA$7<=$I57,AA$7+6>=$I57),"◆",""),IF(AND($C57="Task",$M57<>"",AA$7<=IF($N57="",$D$4,$N57),AA$7+6>=$M57),"●","")) | AB57: =IF($C57="Milestone",IF(AND(AB$7<=$I57,AB$7+6>=$I57),"◆",""),IF(AND($C57="Task",$M57<>"",AB$7<=IF($N57="",$D$4,$N57),AB$7+6>=$M57),"●","")) | ... AZ57: =IF($C57="Milestone",IF(AND(AZ$7<=$I57,AZ$7+6>=$I57),"◆",""),IF(AND($C57="Task",$M57<>"",AZ$7<=IF($N57="",$D$4,$N57),AZ$7+6>=$M57),"●",""))
A58: U2 | B58: MQTT dashboard (Mosquitto, SQLite, Streamlit) | C58: Task | D58: O7 | E58: U1 | F58: No | G58: 46426 | H58: 46437 | I58: 46412 | J58: 46423 | K58: =IF(C58="Task",ROUND((J58-I58+3)/7,0),"") -> 2 | L58: 1 | P58: =IF(C58="Break","",IF(C58="Milestone",IF(N58<>"","Done",IF($D$4>J58,"Overdue","Upcoming")),IF(N(O58)>=1,"Done",IF($D$4<I58,"Not started",IF($D$4>J58,"Late",IF(N(O58)+0.1<($D$4-I58+1)/(J58-I58+1),"Behind","On track")))))) -> Not started | Q58: =IF(C58="Break","",ROUND((IF(N58<>"",N58,J58)-H58)/7,1)) -> -2 | R58: =IF(C58="Milestone",IF(N58<>"","✓",""),IF(AND(C58="Task",N(O58)>=1),"✓","")) | S58: =IF(C58="Task",K58*N(O58),"") -> 0 | U58: =IF($C58="Milestone",IF(AND(U$7<=$I58,U$7+6>=$I58),"◆",""),IF(AND($C58="Task",$M58<>"",U$7<=IF($N58="",$D$4,$N58),U$7+6>=$M58),"●","")) | V58: =IF($C58="Milestone",IF(AND(V$7<=$I58,V$7+6>=$I58),"◆",""),IF(AND($C58="Task",$M58<>"",V$7<=IF($N58="",$D$4,$N58),V$7+6>=$M58),"●","")) | W58: =IF($C58="Milestone",IF(AND(W$7<=$I58,W$7+6>=$I58),"◆",""),IF(AND($C58="Task",$M58<>"",W$7<=IF($N58="",$D$4,$N58),W$7+6>=$M58),"●","")) | X58: =IF($C58="Milestone",IF(AND(X$7<=$I58,X$7+6>=$I58),"◆",""),IF(AND($C58="Task",$M58<>"",X$7<=IF($N58="",$D$4,$N58),X$7+6>=$M58),"●","")) | Y58: =IF($C58="Milestone",IF(AND(Y$7<=$I58,Y$7+6>=$I58),"◆",""),IF(AND($C58="Task",$M58<>"",Y$7<=IF($N58="",$D$4,$N58),Y$7+6>=$M58),"●","")) | Z58: =IF($C58="Milestone",IF(AND(Z$7<=$I58,Z$7+6>=$I58),"◆",""),IF(AND($C58="Task",$M58<>"",Z$7<=IF($N58="",$D$4,$N58),Z$7+6>=$M58),"●","")) | AA58: =IF($C58="Milestone",IF(AND(AA$7<=$I58,AA$7+6>=$I58),"◆",""),IF(AND($C58="Task",$M58<>"",AA$7<=IF($N58="",$D$4,$N58),AA$7+6>=$M58),"●","")) | AB58: =IF($C58="Milestone",IF(AND(AB$7<=$I58,AB$7+6>=$I58),"◆",""),IF(AND($C58="Task",$M58<>"",AB$7<=IF($N58="",$D$4,$N58),AB$7+6>=$M58),"●","")) | ... AZ58: =IF($C58="Milestone",IF(AND(AZ$7<=$I58,AZ$7+6>=$I58),"◆",""),IF(AND($C58="Task",$M58<>"",AZ$7<=IF($N58="",$D$4,$N58),AZ$7+6>=$M58),"●",""))
A59: U3 | B59: T7: display and IoT tests | C59: Task | D59: O7 | E59: U2 | F59: No | G59: 46440 | H59: 46444 | I59: 46419 | J59: 46423 | K59: =IF(C59="Task",ROUND((J59-I59+3)/7,0),"") -> 1 | L59: 1 | P59: =IF(C59="Break","",IF(C59="Milestone",IF(N59<>"","Done",IF($D$4>J59,"Overdue","Upcoming")),IF(N(O59)>=1,"Done",IF($D$4<I59,"Not started",IF($D$4>J59,"Late",IF(N(O59)+0.1<($D$4-I59+1)/(J59-I59+1),"Behind","On track")))))) -> Not started | Q59: =IF(C59="Break","",ROUND((IF(N59<>"",N59,J59)-H59)/7,1)) -> -3 | R59: =IF(C59="Milestone",IF(N59<>"","✓",""),IF(AND(C59="Task",N(O59)>=1),"✓","")) | S59: =IF(C59="Task",K59*N(O59),"") -> 0 | U59: =IF($C59="Milestone",IF(AND(U$7<=$I59,U$7+6>=$I59),"◆",""),IF(AND($C59="Task",$M59<>"",U$7<=IF($N59="",$D$4,$N59),U$7+6>=$M59),"●","")) | V59: =IF($C59="Milestone",IF(AND(V$7<=$I59,V$7+6>=$I59),"◆",""),IF(AND($C59="Task",$M59<>"",V$7<=IF($N59="",$D$4,$N59),V$7+6>=$M59),"●","")) | W59: =IF($C59="Milestone",IF(AND(W$7<=$I59,W$7+6>=$I59),"◆",""),IF(AND($C59="Task",$M59<>"",W$7<=IF($N59="",$D$4,$N59),W$7+6>=$M59),"●","")) | X59: =IF($C59="Milestone",IF(AND(X$7<=$I59,X$7+6>=$I59),"◆",""),IF(AND($C59="Task",$M59<>"",X$7<=IF($N59="",$D$4,$N59),X$7+6>=$M59),"●","")) | Y59: =IF($C59="Milestone",IF(AND(Y$7<=$I59,Y$7+6>=$I59),"◆",""),IF(AND($C59="Task",$M59<>"",Y$7<=IF($N59="",$D$4,$N59),Y$7+6>=$M59),"●","")) | Z59: =IF($C59="Milestone",IF(AND(Z$7<=$I59,Z$7+6>=$I59),"◆",""),IF(AND($C59="Task",$M59<>"",Z$7<=IF($N59="",$D$4,$N59),Z$7+6>=$M59),"●","")) | AA59: =IF($C59="Milestone",IF(AND(AA$7<=$I59,AA$7+6>=$I59),"◆",""),IF(AND($C59="Task",$M59<>"",AA$7<=IF($N59="",$D$4,$N59),AA$7+6>=$M59),"●","")) | AB59: =IF($C59="Milestone",IF(AND(AB$7<=$I59,AB$7+6>=$I59),"◆",""),IF(AND($C59="Task",$M59<>"",AB$7<=IF($N59="",$D$4,$N59),AB$7+6>=$M59),"●","")) | ... AZ59: =IF($C59="Milestone",IF(AND(AZ$7<=$I59,AZ$7+6>=$I59),"◆",""),IF(AND($C59="Task",$M59<>"",AZ$7<=IF($N59="",$D$4,$N59),AZ$7+6>=$M59),"●",""))
A60: U4 | B60: O7 met: display and IoT | C60: Milestone | D60: O7 | E60: U3 | F60: No | G60: 46451 | H60: 46451 | I60: 46423 | J60: 46423 | K60: =IF(C60="Task",ROUND((J60-I60+3)/7,0),"") | P60: =IF(C60="Break","",IF(C60="Milestone",IF(N60<>"","Done",IF($D$4>J60,"Overdue","Upcoming")),IF(N(O60)>=1,"Done",IF($D$4<I60,"Not started",IF($D$4>J60,"Late",IF(N(O60)+0.1<($D$4-I60+1)/(J60-I60+1),"Behind","On track")))))) -> Upcoming | Q60: =IF(C60="Break","",ROUND((IF(N60<>"",N60,J60)-H60)/7,1)) -> -4 | R60: =IF(C60="Milestone",IF(N60<>"","✓",""),IF(AND(C60="Task",N(O60)>=1),"✓","")) | S60: =IF(C60="Task",K60*N(O60),"") | U60: =IF($C60="Milestone",IF(AND(U$7<=$I60,U$7+6>=$I60),"◆",""),IF(AND($C60="Task",$M60<>"",U$7<=IF($N60="",$D$4,$N60),U$7+6>=$M60),"●","")) | V60: =IF($C60="Milestone",IF(AND(V$7<=$I60,V$7+6>=$I60),"◆",""),IF(AND($C60="Task",$M60<>"",V$7<=IF($N60="",$D$4,$N60),V$7+6>=$M60),"●","")) | W60: =IF($C60="Milestone",IF(AND(W$7<=$I60,W$7+6>=$I60),"◆",""),IF(AND($C60="Task",$M60<>"",W$7<=IF($N60="",$D$4,$N60),W$7+6>=$M60),"●","")) | X60: =IF($C60="Milestone",IF(AND(X$7<=$I60,X$7+6>=$I60),"◆",""),IF(AND($C60="Task",$M60<>"",X$7<=IF($N60="",$D$4,$N60),X$7+6>=$M60),"●","")) | Y60: =IF($C60="Milestone",IF(AND(Y$7<=$I60,Y$7+6>=$I60),"◆",""),IF(AND($C60="Task",$M60<>"",Y$7<=IF($N60="",$D$4,$N60),Y$7+6>=$M60),"●","")) | Z60: =IF($C60="Milestone",IF(AND(Z$7<=$I60,Z$7+6>=$I60),"◆",""),IF(AND($C60="Task",$M60<>"",Z$7<=IF($N60="",$D$4,$N60),Z$7+6>=$M60),"●","")) | AA60: =IF($C60="Milestone",IF(AND(AA$7<=$I60,AA$7+6>=$I60),"◆",""),IF(AND($C60="Task",$M60<>"",AA$7<=IF($N60="",$D$4,$N60),AA$7+6>=$M60),"●","")) | AB60: =IF($C60="Milestone",IF(AND(AB$7<=$I60,AB$7+6>=$I60),"◆",""),IF(AND($C60="Task",$M60<>"",AB$7<=IF($N60="",$D$4,$N60),AB$7+6>=$M60),"●","")) | ... AZ60: =IF($C60="Milestone",IF(AND(AZ$7<=$I60,AZ$7+6>=$I60),"◆",""),IF(AND($C60="Task",$M60<>"",AZ$7<=IF($N60="",$D$4,$N60),AZ$7+6>=$M60),"●",""))
B61: Integration and evaluation | C61: Group
A62: I1 | B62: Integration: all boards, ESP32 and laptop in one loop | C62: Task | D62: O8 | E62: F3 | F62: Yes | G62: 46440 | H62: 46451 | I62: 46419 | J62: 46430 | K62: =IF(C62="Task",ROUND((J62-I62+3)/7,0),"") -> 2 | L62: 0 | P62: =IF(C62="Break","",IF(C62="Milestone",IF(N62<>"","Done",IF($D$4>J62,"Overdue","Upcoming")),IF(N(O62)>=1,"Done",IF($D$4<I62,"Not started",IF($D$4>J62,"Late",IF(N(O62)+0.1<($D$4-I62+1)/(J62-I62+1),"Behind","On track")))))) -> Not started | Q62: =IF(C62="Break","",ROUND((IF(N62<>"",N62,J62)-H62)/7,1)) -> -3 | R62: =IF(C62="Milestone",IF(N62<>"","✓",""),IF(AND(C62="Task",N(O62)>=1),"✓","")) | S62: =IF(C62="Task",K62*N(O62),"") -> 0 | U62: =IF($C62="Milestone",IF(AND(U$7<=$I62,U$7+6>=$I62),"◆",""),IF(AND($C62="Task",$M62<>"",U$7<=IF($N62="",$D$4,$N62),U$7+6>=$M62),"●","")) | V62: =IF($C62="Milestone",IF(AND(V$7<=$I62,V$7+6>=$I62),"◆",""),IF(AND($C62="Task",$M62<>"",V$7<=IF($N62="",$D$4,$N62),V$7+6>=$M62),"●","")) | W62: =IF($C62="Milestone",IF(AND(W$7<=$I62,W$7+6>=$I62),"◆",""),IF(AND($C62="Task",$M62<>"",W$7<=IF($N62="",$D$4,$N62),W$7+6>=$M62),"●","")) | X62: =IF($C62="Milestone",IF(AND(X$7<=$I62,X$7+6>=$I62),"◆",""),IF(AND($C62="Task",$M62<>"",X$7<=IF($N62="",$D$4,$N62),X$7+6>=$M62),"●","")) | Y62: =IF($C62="Milestone",IF(AND(Y$7<=$I62,Y$7+6>=$I62),"◆",""),IF(AND($C62="Task",$M62<>"",Y$7<=IF($N62="",$D$4,$N62),Y$7+6>=$M62),"●","")) | Z62: =IF($C62="Milestone",IF(AND(Z$7<=$I62,Z$7+6>=$I62),"◆",""),IF(AND($C62="Task",$M62<>"",Z$7<=IF($N62="",$D$4,$N62),Z$7+6>=$M62),"●","")) | AA62: =IF($C62="Milestone",IF(AND(AA$7<=$I62,AA$7+6>=$I62),"◆",""),IF(AND($C62="Task",$M62<>"",AA$7<=IF($N62="",$D$4,$N62),AA$7+6>=$M62),"●","")) | AB62: =IF($C62="Milestone",IF(AND(AB$7<=$I62,AB$7+6>=$I62),"◆",""),IF(AND($C62="Task",$M62<>"",AB$7<=IF($N62="",$D$4,$N62),AB$7+6>=$M62),"●","")) | ... AZ62: =IF($C62="Milestone",IF(AND(AZ$7<=$I62,AZ$7+6>=$I62),"◆",""),IF(AND($C62="Task",$M62<>"",AZ$7<=IF($N62="",$D$4,$N62),AZ$7+6>=$M62),"●",""))
A63: E1 | B63: Simulation: five scenarios over the held-out year | C63: Task | D63: O8 | E63: I1, S5 | F63: Yes | G63: 46454 | H63: 46465 | I63: 46412 | J63: 46423 | K63: =IF(C63="Task",ROUND((J63-I63+3)/7,0),"") -> 2 | L63: 0 | P63: =IF(C63="Break","",IF(C63="Milestone",IF(N63<>"","Done",IF($D$4>J63,"Overdue","Upcoming")),IF(N(O63)>=1,"Done",IF($D$4<I63,"Not started",IF($D$4>J63,"Late",IF(N(O63)+0.1<($D$4-I63+1)/(J63-I63+1),"Behind","On track")))))) -> Not started | Q63: =IF(C63="Break","",ROUND((IF(N63<>"",N63,J63)-H63)/7,1)) -> -6 | R63: =IF(C63="Milestone",IF(N63<>"","✓",""),IF(AND(C63="Task",N(O63)>=1),"✓","")) | S63: =IF(C63="Task",K63*N(O63),"") -> 0 | U63: =IF($C63="Milestone",IF(AND(U$7<=$I63,U$7+6>=$I63),"◆",""),IF(AND($C63="Task",$M63<>"",U$7<=IF($N63="",$D$4,$N63),U$7+6>=$M63),"●","")) | V63: =IF($C63="Milestone",IF(AND(V$7<=$I63,V$7+6>=$I63),"◆",""),IF(AND($C63="Task",$M63<>"",V$7<=IF($N63="",$D$4,$N63),V$7+6>=$M63),"●","")) | W63: =IF($C63="Milestone",IF(AND(W$7<=$I63,W$7+6>=$I63),"◆",""),IF(AND($C63="Task",$M63<>"",W$7<=IF($N63="",$D$4,$N63),W$7+6>=$M63),"●","")) | X63: =IF($C63="Milestone",IF(AND(X$7<=$I63,X$7+6>=$I63),"◆",""),IF(AND($C63="Task",$M63<>"",X$7<=IF($N63="",$D$4,$N63),X$7+6>=$M63),"●","")) | Y63: =IF($C63="Milestone",IF(AND(Y$7<=$I63,Y$7+6>=$I63),"◆",""),IF(AND($C63="Task",$M63<>"",Y$7<=IF($N63="",$D$4,$N63),Y$7+6>=$M63),"●","")) | Z63: =IF($C63="Milestone",IF(AND(Z$7<=$I63,Z$7+6>=$I63),"◆",""),IF(AND($C63="Task",$M63<>"",Z$7<=IF($N63="",$D$4,$N63),Z$7+6>=$M63),"●","")) | AA63: =IF($C63="Milestone",IF(AND(AA$7<=$I63,AA$7+6>=$I63),"◆",""),IF(AND($C63="Task",$M63<>"",AA$7<=IF($N63="",$D$4,$N63),AA$7+6>=$M63),"●","")) | AB63: =IF($C63="Milestone",IF(AND(AB$7<=$I63,AB$7+6>=$I63),"◆",""),IF(AND($C63="Task",$M63<>"",AB$7<=IF($N63="",$D$4,$N63),AB$7+6>=$M63),"●","")) | ... AZ63: =IF($C63="Milestone",IF(AND(AZ$7<=$I63,AZ$7+6>=$I63),"◆",""),IF(AND($C63="Task",$M63<>"",AZ$7<=IF($N63="",$D$4,$N63),AZ$7+6>=$M63),"●",""))
A64: E2 | B64: Rig runs: 24 replayed days | C64: Task | D64: O8 | E64: I1 | F64: Yes | G64: 46461 | H64: 46472 | I64: 46426 | J64: 46437 | K64: =IF(C64="Task",ROUND((J64-I64+3)/7,0),"") -> 2 | L64: 0 | P64: =IF(C64="Break","",IF(C64="Milestone",IF(N64<>"","Done",IF($D$4>J64,"Overdue","Upcoming")),IF(N(O64)>=1,"Done",IF($D$4<I64,"Not started",IF($D$4>J64,"Late",IF(N(O64)+0.1<($D$4-I64+1)/(J64-I64+1),"Behind","On track")))))) -> Not started | Q64: =IF(C64="Break","",ROUND((IF(N64<>"",N64,J64)-H64)/7,1)) -> -5 | R64: =IF(C64="Milestone",IF(N64<>"","✓",""),IF(AND(C64="Task",N(O64)>=1),"✓","")) | S64: =IF(C64="Task",K64*N(O64),"") -> 0 | U64: =IF($C64="Milestone",IF(AND(U$7<=$I64,U$7+6>=$I64),"◆",""),IF(AND($C64="Task",$M64<>"",U$7<=IF($N64="",$D$4,$N64),U$7+6>=$M64),"●","")) | V64: =IF($C64="Milestone",IF(AND(V$7<=$I64,V$7+6>=$I64),"◆",""),IF(AND($C64="Task",$M64<>"",V$7<=IF($N64="",$D$4,$N64),V$7+6>=$M64),"●","")) | W64: =IF($C64="Milestone",IF(AND(W$7<=$I64,W$7+6>=$I64),"◆",""),IF(AND($C64="Task",$M64<>"",W$7<=IF($N64="",$D$4,$N64),W$7+6>=$M64),"●","")) | X64: =IF($C64="Milestone",IF(AND(X$7<=$I64,X$7+6>=$I64),"◆",""),IF(AND($C64="Task",$M64<>"",X$7<=IF($N64="",$D$4,$N64),X$7+6>=$M64),"●","")) | Y64: =IF($C64="Milestone",IF(AND(Y$7<=$I64,Y$7+6>=$I64),"◆",""),IF(AND($C64="Task",$M64<>"",Y$7<=IF($N64="",$D$4,$N64),Y$7+6>=$M64),"●","")) | Z64: =IF($C64="Milestone",IF(AND(Z$7<=$I64,Z$7+6>=$I64),"◆",""),IF(AND($C64="Task",$M64<>"",Z$7<=IF($N64="",$D$4,$N64),Z$7+6>=$M64),"●","")) | AA64: =IF($C64="Milestone",IF(AND(AA$7<=$I64,AA$7+6>=$I64),"◆",""),IF(AND($C64="Task",$M64<>"",AA$7<=IF($N64="",$D$4,$N64),AA$7+6>=$M64),"●","")) | AB64: =IF($C64="Milestone",IF(AND(AB$7<=$I64,AB$7+6>=$I64),"◆",""),IF(AND($C64="Task",$M64<>"",AB$7<=IF($N64="",$D$4,$N64),AB$7+6>=$M64),"●","")) | ... AZ64: =IF($C64="Milestone",IF(AND(AZ$7<=$I64,AZ$7+6>=$I64),"◆",""),IF(AND($C64="Task",$M64<>"",AZ$7<=IF($N64="",$D$4,$N64),AZ$7+6>=$M64),"●",""))
A65: E3 | B65: Trade-off studies (shunt, emulation, resolution, re-plan rate, forecast value) | C65: Task | D65: O8 | E65: I1 | F65: No | G65: 46454 | H65: 46472 | I65: 46419 | J65: 46437 | K65: =IF(C65="Task",ROUND((J65-I65+3)/7,0),"") -> 3 | L65: 1 | P65: =IF(C65="Break","",IF(C65="Milestone",IF(N65<>"","Done",IF($D$4>J65,"Overdue","Upcoming")),IF(N(O65)>=1,"Done",IF($D$4<I65,"Not started",IF($D$4>J65,"Late",IF(N(O65)+0.1<($D$4-I65+1)/(J65-I65+1),"Behind","On track")))))) -> Not started | Q65: =IF(C65="Break","",ROUND((IF(N65<>"",N65,J65)-H65)/7,1)) -> -5 | R65: =IF(C65="Milestone",IF(N65<>"","✓",""),IF(AND(C65="Task",N(O65)>=1),"✓","")) | S65: =IF(C65="Task",K65*N(O65),"") -> 0 | U65: =IF($C65="Milestone",IF(AND(U$7<=$I65,U$7+6>=$I65),"◆",""),IF(AND($C65="Task",$M65<>"",U$7<=IF($N65="",$D$4,$N65),U$7+6>=$M65),"●","")) | V65: =IF($C65="Milestone",IF(AND(V$7<=$I65,V$7+6>=$I65),"◆",""),IF(AND($C65="Task",$M65<>"",V$7<=IF($N65="",$D$4,$N65),V$7+6>=$M65),"●","")) | W65: =IF($C65="Milestone",IF(AND(W$7<=$I65,W$7+6>=$I65),"◆",""),IF(AND($C65="Task",$M65<>"",W$7<=IF($N65="",$D$4,$N65),W$7+6>=$M65),"●","")) | X65: =IF($C65="Milestone",IF(AND(X$7<=$I65,X$7+6>=$I65),"◆",""),IF(AND($C65="Task",$M65<>"",X$7<=IF($N65="",$D$4,$N65),X$7+6>=$M65),"●","")) | Y65: =IF($C65="Milestone",IF(AND(Y$7<=$I65,Y$7+6>=$I65),"◆",""),IF(AND($C65="Task",$M65<>"",Y$7<=IF($N65="",$D$4,$N65),Y$7+6>=$M65),"●","")) | Z65: =IF($C65="Milestone",IF(AND(Z$7<=$I65,Z$7+6>=$I65),"◆",""),IF(AND($C65="Task",$M65<>"",Z$7<=IF($N65="",$D$4,$N65),Z$7+6>=$M65),"●","")) | AA65: =IF($C65="Milestone",IF(AND(AA$7<=$I65,AA$7+6>=$I65),"◆",""),IF(AND($C65="Task",$M65<>"",AA$7<=IF($N65="",$D$4,$N65),AA$7+6>=$M65),"●","")) | AB65: =IF($C65="Milestone",IF(AND(AB$7<=$I65,AB$7+6>=$I65),"◆",""),IF(AND($C65="Task",$M65<>"",AB$7<=IF($N65="",$D$4,$N65),AB$7+6>=$M65),"●","")) | ... AZ65: =IF($C65="Milestone",IF(AND(AZ$7<=$I65,AZ$7+6>=$I65),"◆",""),IF(AND($C65="Task",$M65<>"",AZ$7<=IF($N65="",$D$4,$N65),AZ$7+6>=$M65),"●",""))
A66: E4 | B66: Statistics and T8 | C66: Task | D66: O8 | E66: E1, E2 | F66: Yes | G66: 46468 | H66: 46472 | I66: 46433 | J66: 46437 | K66: =IF(C66="Task",ROUND((J66-I66+3)/7,0),"") -> 1 | L66: 0 | P66: =IF(C66="Break","",IF(C66="Milestone",IF(N66<>"","Done",IF($D$4>J66,"Overdue","Upcoming")),IF(N(O66)>=1,"Done",IF($D$4<I66,"Not started",IF($D$4>J66,"Late",IF(N(O66)+0.1<($D$4-I66+1)/(J66-I66+1),"Behind","On track")))))) -> Not started | Q66: =IF(C66="Break","",ROUND((IF(N66<>"",N66,J66)-H66)/7,1)) -> -5 | R66: =IF(C66="Milestone",IF(N66<>"","✓",""),IF(AND(C66="Task",N(O66)>=1),"✓","")) | S66: =IF(C66="Task",K66*N(O66),"") -> 0 | U66: =IF($C66="Milestone",IF(AND(U$7<=$I66,U$7+6>=$I66),"◆",""),IF(AND($C66="Task",$M66<>"",U$7<=IF($N66="",$D$4,$N66),U$7+6>=$M66),"●","")) | V66: =IF($C66="Milestone",IF(AND(V$7<=$I66,V$7+6>=$I66),"◆",""),IF(AND($C66="Task",$M66<>"",V$7<=IF($N66="",$D$4,$N66),V$7+6>=$M66),"●","")) | W66: =IF($C66="Milestone",IF(AND(W$7<=$I66,W$7+6>=$I66),"◆",""),IF(AND($C66="Task",$M66<>"",W$7<=IF($N66="",$D$4,$N66),W$7+6>=$M66),"●","")) | X66: =IF($C66="Milestone",IF(AND(X$7<=$I66,X$7+6>=$I66),"◆",""),IF(AND($C66="Task",$M66<>"",X$7<=IF($N66="",$D$4,$N66),X$7+6>=$M66),"●","")) | Y66: =IF($C66="Milestone",IF(AND(Y$7<=$I66,Y$7+6>=$I66),"◆",""),IF(AND($C66="Task",$M66<>"",Y$7<=IF($N66="",$D$4,$N66),Y$7+6>=$M66),"●","")) | Z66: =IF($C66="Milestone",IF(AND(Z$7<=$I66,Z$7+6>=$I66),"◆",""),IF(AND($C66="Task",$M66<>"",Z$7<=IF($N66="",$D$4,$N66),Z$7+6>=$M66),"●","")) | AA66: =IF($C66="Milestone",IF(AND(AA$7<=$I66,AA$7+6>=$I66),"◆",""),IF(AND($C66="Task",$M66<>"",AA$7<=IF($N66="",$D$4,$N66),AA$7+6>=$M66),"●","")) | AB66: =IF($C66="Milestone",IF(AND(AB$7<=$I66,AB$7+6>=$I66),"◆",""),IF(AND($C66="Task",$M66<>"",AB$7<=IF($N66="",$D$4,$N66),AB$7+6>=$M66),"●","")) | ... AZ66: =IF($C66="Milestone",IF(AND(AZ$7<=$I66,AZ$7+6>=$I66),"◆",""),IF(AND($C66="Task",$M66<>"",AZ$7<=IF($N66="",$D$4,$N66),AZ$7+6>=$M66),"●",""))
A67: E5 | B67: O8 met: evaluation | C67: Milestone | D67: O8 | E67: E4 | F67: Yes | G67: 46472 | H67: 46472 | I67: 46437 | J67: 46437 | K67: =IF(C67="Task",ROUND((J67-I67+3)/7,0),"") | P67: =IF(C67="Break","",IF(C67="Milestone",IF(N67<>"","Done",IF($D$4>J67,"Overdue","Upcoming")),IF(N(O67)>=1,"Done",IF($D$4<I67,"Not started",IF($D$4>J67,"Late",IF(N(O67)+0.1<($D$4-I67+1)/(J67-I67+1),"Behind","On track")))))) -> Upcoming | Q67: =IF(C67="Break","",ROUND((IF(N67<>"",N67,J67)-H67)/7,1)) -> -5 | R67: =IF(C67="Milestone",IF(N67<>"","✓",""),IF(AND(C67="Task",N(O67)>=1),"✓","")) | S67: =IF(C67="Task",K67*N(O67),"") | U67: =IF($C67="Milestone",IF(AND(U$7<=$I67,U$7+6>=$I67),"◆",""),IF(AND($C67="Task",$M67<>"",U$7<=IF($N67="",$D$4,$N67),U$7+6>=$M67),"●","")) | V67: =IF($C67="Milestone",IF(AND(V$7<=$I67,V$7+6>=$I67),"◆",""),IF(AND($C67="Task",$M67<>"",V$7<=IF($N67="",$D$4,$N67),V$7+6>=$M67),"●","")) | W67: =IF($C67="Milestone",IF(AND(W$7<=$I67,W$7+6>=$I67),"◆",""),IF(AND($C67="Task",$M67<>"",W$7<=IF($N67="",$D$4,$N67),W$7+6>=$M67),"●","")) | X67: =IF($C67="Milestone",IF(AND(X$7<=$I67,X$7+6>=$I67),"◆",""),IF(AND($C67="Task",$M67<>"",X$7<=IF($N67="",$D$4,$N67),X$7+6>=$M67),"●","")) | Y67: =IF($C67="Milestone",IF(AND(Y$7<=$I67,Y$7+6>=$I67),"◆",""),IF(AND($C67="Task",$M67<>"",Y$7<=IF($N67="",$D$4,$N67),Y$7+6>=$M67),"●","")) | Z67: =IF($C67="Milestone",IF(AND(Z$7<=$I67,Z$7+6>=$I67),"◆",""),IF(AND($C67="Task",$M67<>"",Z$7<=IF($N67="",$D$4,$N67),Z$7+6>=$M67),"●","")) | AA67: =IF($C67="Milestone",IF(AND(AA$7<=$I67,AA$7+6>=$I67),"◆",""),IF(AND($C67="Task",$M67<>"",AA$7<=IF($N67="",$D$4,$N67),AA$7+6>=$M67),"●","")) | AB67: =IF($C67="Milestone",IF(AND(AB$7<=$I67,AB$7+6>=$I67),"◆",""),IF(AND($C67="Task",$M67<>"",AB$7<=IF($N67="",$D$4,$N67),AB$7+6>=$M67),"●","")) | ... AZ67: =IF($C67="Milestone",IF(AND(AZ$7<=$I67,AZ$7+6>=$I67),"◆",""),IF(AND($C67="Task",$M67<>"",AZ$7<=IF($N67="",$D$4,$N67),AZ$7+6>=$M67),"●",""))
A68: E6 | B68: Extensions, only if on track | C68: Task | E68: I1 | F68: No | G68: 46454 | H68: 46479 | I68: 46440 | J68: 46465 | K68: =IF(C68="Task",ROUND((J68-I68+3)/7,0),"") -> 4 | L68: 0 | P68: =IF(C68="Break","",IF(C68="Milestone",IF(N68<>"","Done",IF($D$4>J68,"Overdue","Upcoming")),IF(N(O68)>=1,"Done",IF($D$4<I68,"Not started",IF($D$4>J68,"Late",IF(N(O68)+0.1<($D$4-I68+1)/(J68-I68+1),"Behind","On track")))))) -> Not started | Q68: =IF(C68="Break","",ROUND((IF(N68<>"",N68,J68)-H68)/7,1)) -> -2 | R68: =IF(C68="Milestone",IF(N68<>"","✓",""),IF(AND(C68="Task",N(O68)>=1),"✓","")) | S68: =IF(C68="Task",K68*N(O68),"") -> 0 | U68: =IF($C68="Milestone",IF(AND(U$7<=$I68,U$7+6>=$I68),"◆",""),IF(AND($C68="Task",$M68<>"",U$7<=IF($N68="",$D$4,$N68),U$7+6>=$M68),"●","")) | V68: =IF($C68="Milestone",IF(AND(V$7<=$I68,V$7+6>=$I68),"◆",""),IF(AND($C68="Task",$M68<>"",V$7<=IF($N68="",$D$4,$N68),V$7+6>=$M68),"●","")) | W68: =IF($C68="Milestone",IF(AND(W$7<=$I68,W$7+6>=$I68),"◆",""),IF(AND($C68="Task",$M68<>"",W$7<=IF($N68="",$D$4,$N68),W$7+6>=$M68),"●","")) | X68: =IF($C68="Milestone",IF(AND(X$7<=$I68,X$7+6>=$I68),"◆",""),IF(AND($C68="Task",$M68<>"",X$7<=IF($N68="",$D$4,$N68),X$7+6>=$M68),"●","")) | Y68: =IF($C68="Milestone",IF(AND(Y$7<=$I68,Y$7+6>=$I68),"◆",""),IF(AND($C68="Task",$M68<>"",Y$7<=IF($N68="",$D$4,$N68),Y$7+6>=$M68),"●","")) | Z68: =IF($C68="Milestone",IF(AND(Z$7<=$I68,Z$7+6>=$I68),"◆",""),IF(AND($C68="Task",$M68<>"",Z$7<=IF($N68="",$D$4,$N68),Z$7+6>=$M68),"●","")) | AA68: =IF($C68="Milestone",IF(AND(AA$7<=$I68,AA$7+6>=$I68),"◆",""),IF(AND($C68="Task",$M68<>"",AA$7<=IF($N68="",$D$4,$N68),AA$7+6>=$M68),"●","")) | AB68: =IF($C68="Milestone",IF(AND(AB$7<=$I68,AB$7+6>=$I68),"◆",""),IF(AND($C68="Task",$M68<>"",AB$7<=IF($N68="",$D$4,$N68),AB$7+6>=$M68),"●","")) | ... AZ68: =IF($C68="Milestone",IF(AND(AZ$7<=$I68,AZ$7+6>=$I68),"◆",""),IF(AND($C68="Task",$M68<>"",AZ$7<=IF($N68="",$D$4,$N68),AZ$7+6>=$M68),"●",""))
B69: Report and demonstration | C69: Group
A70: W1 | B70: Report: Chapters 1 and 3 drafted | C70: Task | F70: No | G70: 46328 | H70: 46374 | I70: 46321 | J70: 46353 | K70: =IF(C70="Task",ROUND((J70-I70+3)/7,0),"") -> 5 | L70: 2 | P70: =IF(C70="Break","",IF(C70="Milestone",IF(N70<>"","Done",IF($D$4>J70,"Overdue","Upcoming")),IF(N(O70)>=1,"Done",IF($D$4<I70,"Not started",IF($D$4>J70,"Late",IF(N(O70)+0.1<($D$4-I70+1)/(J70-I70+1),"Behind","On track")))))) -> Not started | Q70: =IF(C70="Break","",ROUND((IF(N70<>"",N70,J70)-H70)/7,1)) -> -3 | R70: =IF(C70="Milestone",IF(N70<>"","✓",""),IF(AND(C70="Task",N(O70)>=1),"✓","")) | S70: =IF(C70="Task",K70*N(O70),"") -> 0 | U70: =IF($C70="Milestone",IF(AND(U$7<=$I70,U$7+6>=$I70),"◆",""),IF(AND($C70="Task",$M70<>"",U$7<=IF($N70="",$D$4,$N70),U$7+6>=$M70),"●","")) | V70: =IF($C70="Milestone",IF(AND(V$7<=$I70,V$7+6>=$I70),"◆",""),IF(AND($C70="Task",$M70<>"",V$7<=IF($N70="",$D$4,$N70),V$7+6>=$M70),"●","")) | W70: =IF($C70="Milestone",IF(AND(W$7<=$I70,W$7+6>=$I70),"◆",""),IF(AND($C70="Task",$M70<>"",W$7<=IF($N70="",$D$4,$N70),W$7+6>=$M70),"●","")) | X70: =IF($C70="Milestone",IF(AND(X$7<=$I70,X$7+6>=$I70),"◆",""),IF(AND($C70="Task",$M70<>"",X$7<=IF($N70="",$D$4,$N70),X$7+6>=$M70),"●","")) | Y70: =IF($C70="Milestone",IF(AND(Y$7<=$I70,Y$7+6>=$I70),"◆",""),IF(AND($C70="Task",$M70<>"",Y$7<=IF($N70="",$D$4,$N70),Y$7+6>=$M70),"●","")) | Z70: =IF($C70="Milestone",IF(AND(Z$7<=$I70,Z$7+6>=$I70),"◆",""),IF(AND($C70="Task",$M70<>"",Z$7<=IF($N70="",$D$4,$N70),Z$7+6>=$M70),"●","")) | AA70: =IF($C70="Milestone",IF(AND(AA$7<=$I70,AA$7+6>=$I70),"◆",""),IF(AND($C70="Task",$M70<>"",AA$7<=IF($N70="",$D$4,$N70),AA$7+6>=$M70),"●","")) | AB70: =IF($C70="Milestone",IF(AND(AB$7<=$I70,AB$7+6>=$I70),"◆",""),IF(AND($C70="Task",$M70<>"",AB$7<=IF($N70="",$D$4,$N70),AB$7+6>=$M70),"●","")) | ... AZ70: =IF($C70="Milestone",IF(AND(AZ$7<=$I70,AZ$7+6>=$I70),"◆",""),IF(AND($C70="Task",$M70<>"",AZ$7<=IF($N70="",$D$4,$N70),AZ$7+6>=$M70),"●",""))
A71: W2 | B71: Report: design and implementation chapters | C71: Task | E71: I1 | F71: No | G71: 46447 | H71: 46451 | I71: 46419 | J71: 46430 | K71: =IF(C71="Task",ROUND((J71-I71+3)/7,0),"") -> 2 | L71: 1 | P71: =IF(C71="Break","",IF(C71="Milestone",IF(N71<>"","Done",IF($D$4>J71,"Overdue","Upcoming")),IF(N(O71)>=1,"Done",IF($D$4<I71,"Not started",IF($D$4>J71,"Late",IF(N(O71)+0.1<($D$4-I71+1)/(J71-I71+1),"Behind","On track")))))) -> Not started | Q71: =IF(C71="Break","",ROUND((IF(N71<>"",N71,J71)-H71)/7,1)) -> -3 | R71: =IF(C71="Milestone",IF(N71<>"","✓",""),IF(AND(C71="Task",N(O71)>=1),"✓","")) | S71: =IF(C71="Task",K71*N(O71),"") -> 0 | U71: =IF($C71="Milestone",IF(AND(U$7<=$I71,U$7+6>=$I71),"◆",""),IF(AND($C71="Task",$M71<>"",U$7<=IF($N71="",$D$4,$N71),U$7+6>=$M71),"●","")) | V71: =IF($C71="Milestone",IF(AND(V$7<=$I71,V$7+6>=$I71),"◆",""),IF(AND($C71="Task",$M71<>"",V$7<=IF($N71="",$D$4,$N71),V$7+6>=$M71),"●","")) | W71: =IF($C71="Milestone",IF(AND(W$7<=$I71,W$7+6>=$I71),"◆",""),IF(AND($C71="Task",$M71<>"",W$7<=IF($N71="",$D$4,$N71),W$7+6>=$M71),"●","")) | X71: =IF($C71="Milestone",IF(AND(X$7<=$I71,X$7+6>=$I71),"◆",""),IF(AND($C71="Task",$M71<>"",X$7<=IF($N71="",$D$4,$N71),X$7+6>=$M71),"●","")) | Y71: =IF($C71="Milestone",IF(AND(Y$7<=$I71,Y$7+6>=$I71),"◆",""),IF(AND($C71="Task",$M71<>"",Y$7<=IF($N71="",$D$4,$N71),Y$7+6>=$M71),"●","")) | Z71: =IF($C71="Milestone",IF(AND(Z$7<=$I71,Z$7+6>=$I71),"◆",""),IF(AND($C71="Task",$M71<>"",Z$7<=IF($N71="",$D$4,$N71),Z$7+6>=$M71),"●","")) | AA71: =IF($C71="Milestone",IF(AND(AA$7<=$I71,AA$7+6>=$I71),"◆",""),IF(AND($C71="Task",$M71<>"",AA$7<=IF($N71="",$D$4,$N71),AA$7+6>=$M71),"●","")) | AB71: =IF($C71="Milestone",IF(AND(AB$7<=$I71,AB$7+6>=$I71),"◆",""),IF(AND($C71="Task",$M71<>"",AB$7<=IF($N71="",$D$4,$N71),AB$7+6>=$M71),"●","")) | ... AZ71: =IF($C71="Milestone",IF(AND(AZ$7<=$I71,AZ$7+6>=$I71),"◆",""),IF(AND($C71="Task",$M71<>"",AZ$7<=IF($N71="",$D$4,$N71),AZ$7+6>=$M71),"●",""))
A72: W3 | B72: Report: testing chapter | C72: Task | E72: E2 | F72: No | G72: 46461 | H72: 46465 | I72: 46433 | J72: 46437 | K72: =IF(C72="Task",ROUND((J72-I72+3)/7,0),"") -> 1 | L72: 1 | P72: =IF(C72="Break","",IF(C72="Milestone",IF(N72<>"","Done",IF($D$4>J72,"Overdue","Upcoming")),IF(N(O72)>=1,"Done",IF($D$4<I72,"Not started",IF($D$4>J72,"Late",IF(N(O72)+0.1<($D$4-I72+1)/(J72-I72+1),"Behind","On track")))))) -> Not started | Q72: =IF(C72="Break","",ROUND((IF(N72<>"",N72,J72)-H72)/7,1)) -> -4 | R72: =IF(C72="Milestone",IF(N72<>"","✓",""),IF(AND(C72="Task",N(O72)>=1),"✓","")) | S72: =IF(C72="Task",K72*N(O72),"") -> 0 | U72: =IF($C72="Milestone",IF(AND(U$7<=$I72,U$7+6>=$I72),"◆",""),IF(AND($C72="Task",$M72<>"",U$7<=IF($N72="",$D$4,$N72),U$7+6>=$M72),"●","")) | V72: =IF($C72="Milestone",IF(AND(V$7<=$I72,V$7+6>=$I72),"◆",""),IF(AND($C72="Task",$M72<>"",V$7<=IF($N72="",$D$4,$N72),V$7+6>=$M72),"●","")) | W72: =IF($C72="Milestone",IF(AND(W$7<=$I72,W$7+6>=$I72),"◆",""),IF(AND($C72="Task",$M72<>"",W$7<=IF($N72="",$D$4,$N72),W$7+6>=$M72),"●","")) | X72: =IF($C72="Milestone",IF(AND(X$7<=$I72,X$7+6>=$I72),"◆",""),IF(AND($C72="Task",$M72<>"",X$7<=IF($N72="",$D$4,$N72),X$7+6>=$M72),"●","")) | Y72: =IF($C72="Milestone",IF(AND(Y$7<=$I72,Y$7+6>=$I72),"◆",""),IF(AND($C72="Task",$M72<>"",Y$7<=IF($N72="",$D$4,$N72),Y$7+6>=$M72),"●","")) | Z72: =IF($C72="Milestone",IF(AND(Z$7<=$I72,Z$7+6>=$I72),"◆",""),IF(AND($C72="Task",$M72<>"",Z$7<=IF($N72="",$D$4,$N72),Z$7+6>=$M72),"●","")) | AA72: =IF($C72="Milestone",IF(AND(AA$7<=$I72,AA$7+6>=$I72),"◆",""),IF(AND($C72="Task",$M72<>"",AA$7<=IF($N72="",$D$4,$N72),AA$7+6>=$M72),"●","")) | AB72: =IF($C72="Milestone",IF(AND(AB$7<=$I72,AB$7+6>=$I72),"◆",""),IF(AND($C72="Task",$M72<>"",AB$7<=IF($N72="",$D$4,$N72),AB$7+6>=$M72),"●","")) | ... AZ72: =IF($C72="Milestone",IF(AND(AZ$7<=$I72,AZ$7+6>=$I72),"◆",""),IF(AND($C72="Task",$M72<>"",AZ$7<=IF($N72="",$D$4,$N72),AZ$7+6>=$M72),"●",""))
A73: W4 | B73: Report: evaluation and reflection chapters | C73: Task | E73: E4 | F73: Yes | G73: 46468 | H73: 46479 | I73: 46440 | J73: 46444 | K73: =IF(C73="Task",ROUND((J73-I73+3)/7,0),"") -> 1 | L73: 0 | P73: =IF(C73="Break","",IF(C73="Milestone",IF(N73<>"","Done",IF($D$4>J73,"Overdue","Upcoming")),IF(N(O73)>=1,"Done",IF($D$4<I73,"Not started",IF($D$4>J73,"Late",IF(N(O73)+0.1<($D$4-I73+1)/(J73-I73+1),"Behind","On track")))))) -> Not started | Q73: =IF(C73="Break","",ROUND((IF(N73<>"",N73,J73)-H73)/7,1)) -> -5 | R73: =IF(C73="Milestone",IF(N73<>"","✓",""),IF(AND(C73="Task",N(O73)>=1),"✓","")) | S73: =IF(C73="Task",K73*N(O73),"") -> 0 | U73: =IF($C73="Milestone",IF(AND(U$7<=$I73,U$7+6>=$I73),"◆",""),IF(AND($C73="Task",$M73<>"",U$7<=IF($N73="",$D$4,$N73),U$7+6>=$M73),"●","")) | V73: =IF($C73="Milestone",IF(AND(V$7<=$I73,V$7+6>=$I73),"◆",""),IF(AND($C73="Task",$M73<>"",V$7<=IF($N73="",$D$4,$N73),V$7+6>=$M73),"●","")) | W73: =IF($C73="Milestone",IF(AND(W$7<=$I73,W$7+6>=$I73),"◆",""),IF(AND($C73="Task",$M73<>"",W$7<=IF($N73="",$D$4,$N73),W$7+6>=$M73),"●","")) | X73: =IF($C73="Milestone",IF(AND(X$7<=$I73,X$7+6>=$I73),"◆",""),IF(AND($C73="Task",$M73<>"",X$7<=IF($N73="",$D$4,$N73),X$7+6>=$M73),"●","")) | Y73: =IF($C73="Milestone",IF(AND(Y$7<=$I73,Y$7+6>=$I73),"◆",""),IF(AND($C73="Task",$M73<>"",Y$7<=IF($N73="",$D$4,$N73),Y$7+6>=$M73),"●","")) | Z73: =IF($C73="Milestone",IF(AND(Z$7<=$I73,Z$7+6>=$I73),"◆",""),IF(AND($C73="Task",$M73<>"",Z$7<=IF($N73="",$D$4,$N73),Z$7+6>=$M73),"●","")) | AA73: =IF($C73="Milestone",IF(AND(AA$7<=$I73,AA$7+6>=$I73),"◆",""),IF(AND($C73="Task",$M73<>"",AA$7<=IF($N73="",$D$4,$N73),AA$7+6>=$M73),"●","")) | AB73: =IF($C73="Milestone",IF(AND(AB$7<=$I73,AB$7+6>=$I73),"◆",""),IF(AND($C73="Task",$M73<>"",AB$7<=IF($N73="",$D$4,$N73),AB$7+6>=$M73),"●","")) | ... AZ73: =IF($C73="Milestone",IF(AND(AZ$7<=$I73,AZ$7+6>=$I73),"◆",""),IF(AND($C73="Task",$M73<>"",AZ$7<=IF($N73="",$D$4,$N73),AZ$7+6>=$M73),"●",""))
A74: W5 | B74: Full report draft to Dr Shah | C74: Milestone | E74: W4 | F74: Yes | G74: 46475 | H74: 46475 | I74: 46447 | J74: 46447 | K74: =IF(C74="Task",ROUND((J74-I74+3)/7,0),"") | P74: =IF(C74="Break","",IF(C74="Milestone",IF(N74<>"","Done",IF($D$4>J74,"Overdue","Upcoming")),IF(N(O74)>=1,"Done",IF($D$4<I74,"Not started",IF($D$4>J74,"Late",IF(N(O74)+0.1<($D$4-I74+1)/(J74-I74+1),"Behind","On track")))))) -> Upcoming | Q74: =IF(C74="Break","",ROUND((IF(N74<>"",N74,J74)-H74)/7,1)) -> -4 | R74: =IF(C74="Milestone",IF(N74<>"","✓",""),IF(AND(C74="Task",N(O74)>=1),"✓","")) | S74: =IF(C74="Task",K74*N(O74),"") | U74: =IF($C74="Milestone",IF(AND(U$7<=$I74,U$7+6>=$I74),"◆",""),IF(AND($C74="Task",$M74<>"",U$7<=IF($N74="",$D$4,$N74),U$7+6>=$M74),"●","")) | V74: =IF($C74="Milestone",IF(AND(V$7<=$I74,V$7+6>=$I74),"◆",""),IF(AND($C74="Task",$M74<>"",V$7<=IF($N74="",$D$4,$N74),V$7+6>=$M74),"●","")) | W74: =IF($C74="Milestone",IF(AND(W$7<=$I74,W$7+6>=$I74),"◆",""),IF(AND($C74="Task",$M74<>"",W$7<=IF($N74="",$D$4,$N74),W$7+6>=$M74),"●","")) | X74: =IF($C74="Milestone",IF(AND(X$7<=$I74,X$7+6>=$I74),"◆",""),IF(AND($C74="Task",$M74<>"",X$7<=IF($N74="",$D$4,$N74),X$7+6>=$M74),"●","")) | Y74: =IF($C74="Milestone",IF(AND(Y$7<=$I74,Y$7+6>=$I74),"◆",""),IF(AND($C74="Task",$M74<>"",Y$7<=IF($N74="",$D$4,$N74),Y$7+6>=$M74),"●","")) | Z74: =IF($C74="Milestone",IF(AND(Z$7<=$I74,Z$7+6>=$I74),"◆",""),IF(AND($C74="Task",$M74<>"",Z$7<=IF($N74="",$D$4,$N74),Z$7+6>=$M74),"●","")) | AA74: =IF($C74="Milestone",IF(AND(AA$7<=$I74,AA$7+6>=$I74),"◆",""),IF(AND($C74="Task",$M74<>"",AA$7<=IF($N74="",$D$4,$N74),AA$7+6>=$M74),"●","")) | AB74: =IF($C74="Milestone",IF(AND(AB$7<=$I74,AB$7+6>=$I74),"◆",""),IF(AND($C74="Task",$M74<>"",AB$7<=IF($N74="",$D$4,$N74),AB$7+6>=$M74),"●","")) | ... AZ74: =IF($C74="Milestone",IF(AND(AZ$7<=$I74,AZ$7+6>=$I74),"◆",""),IF(AND($C74="Task",$M74<>"",AZ$7<=IF($N74="",$D$4,$N74),AZ$7+6>=$M74),"●",""))
A75: W6 | B75: Revise from feedback; references, figures, word count, code annexe | C75: Task | E75: W5 | F75: Yes | G75: 46482 | H75: 46500 | I75: 46447 | J75: 46465 | K75: =IF(C75="Task",ROUND((J75-I75+3)/7,0),"") -> 3 | L75: 0 | P75: =IF(C75="Break","",IF(C75="Milestone",IF(N75<>"","Done",IF($D$4>J75,"Overdue","Upcoming")),IF(N(O75)>=1,"Done",IF($D$4<I75,"Not started",IF($D$4>J75,"Late",IF(N(O75)+0.1<($D$4-I75+1)/(J75-I75+1),"Behind","On track")))))) -> Not started | Q75: =IF(C75="Break","",ROUND((IF(N75<>"",N75,J75)-H75)/7,1)) -> -5 | R75: =IF(C75="Milestone",IF(N75<>"","✓",""),IF(AND(C75="Task",N(O75)>=1),"✓","")) | S75: =IF(C75="Task",K75*N(O75),"") -> 0 | U75: =IF($C75="Milestone",IF(AND(U$7<=$I75,U$7+6>=$I75),"◆",""),IF(AND($C75="Task",$M75<>"",U$7<=IF($N75="",$D$4,$N75),U$7+6>=$M75),"●","")) | V75: =IF($C75="Milestone",IF(AND(V$7<=$I75,V$7+6>=$I75),"◆",""),IF(AND($C75="Task",$M75<>"",V$7<=IF($N75="",$D$4,$N75),V$7+6>=$M75),"●","")) | W75: =IF($C75="Milestone",IF(AND(W$7<=$I75,W$7+6>=$I75),"◆",""),IF(AND($C75="Task",$M75<>"",W$7<=IF($N75="",$D$4,$N75),W$7+6>=$M75),"●","")) | X75: =IF($C75="Milestone",IF(AND(X$7<=$I75,X$7+6>=$I75),"◆",""),IF(AND($C75="Task",$M75<>"",X$7<=IF($N75="",$D$4,$N75),X$7+6>=$M75),"●","")) | Y75: =IF($C75="Milestone",IF(AND(Y$7<=$I75,Y$7+6>=$I75),"◆",""),IF(AND($C75="Task",$M75<>"",Y$7<=IF($N75="",$D$4,$N75),Y$7+6>=$M75),"●","")) | Z75: =IF($C75="Milestone",IF(AND(Z$7<=$I75,Z$7+6>=$I75),"◆",""),IF(AND($C75="Task",$M75<>"",Z$7<=IF($N75="",$D$4,$N75),Z$7+6>=$M75),"●","")) | AA75: =IF($C75="Milestone",IF(AND(AA$7<=$I75,AA$7+6>=$I75),"◆",""),IF(AND($C75="Task",$M75<>"",AA$7<=IF($N75="",$D$4,$N75),AA$7+6>=$M75),"●","")) | AB75: =IF($C75="Milestone",IF(AND(AB$7<=$I75,AB$7+6>=$I75),"◆",""),IF(AND($C75="Task",$M75<>"",AB$7<=IF($N75="",$D$4,$N75),AB$7+6>=$M75),"●","")) | ... AZ75: =IF($C75="Milestone",IF(AND(AZ$7<=$I75,AZ$7+6>=$I75),"◆",""),IF(AND($C75="Task",$M75<>"",AZ$7<=IF($N75="",$D$4,$N75),AZ$7+6>=$M75),"●",""))
A76: W7 | B76: Report submitted (confirm date on Blackboard) | C76: Milestone | E76: W6 | F76: Yes | G76: 46500 | H76: 46500 | I76: 46472 | J76: 46472 | K76: =IF(C76="Task",ROUND((J76-I76+3)/7,0),"") | P76: =IF(C76="Break","",IF(C76="Milestone",IF(N76<>"","Done",IF($D$4>J76,"Overdue","Upcoming")),IF(N(O76)>=1,"Done",IF($D$4<I76,"Not started",IF($D$4>J76,"Late",IF(N(O76)+0.1<($D$4-I76+1)/(J76-I76+1),"Behind","On track")))))) -> Upcoming | Q76: =IF(C76="Break","",ROUND((IF(N76<>"",N76,J76)-H76)/7,1)) -> -4 | R76: =IF(C76="Milestone",IF(N76<>"","✓",""),IF(AND(C76="Task",N(O76)>=1),"✓","")) | S76: =IF(C76="Task",K76*N(O76),"") | U76: =IF($C76="Milestone",IF(AND(U$7<=$I76,U$7+6>=$I76),"◆",""),IF(AND($C76="Task",$M76<>"",U$7<=IF($N76="",$D$4,$N76),U$7+6>=$M76),"●","")) | V76: =IF($C76="Milestone",IF(AND(V$7<=$I76,V$7+6>=$I76),"◆",""),IF(AND($C76="Task",$M76<>"",V$7<=IF($N76="",$D$4,$N76),V$7+6>=$M76),"●","")) | W76: =IF($C76="Milestone",IF(AND(W$7<=$I76,W$7+6>=$I76),"◆",""),IF(AND($C76="Task",$M76<>"",W$7<=IF($N76="",$D$4,$N76),W$7+6>=$M76),"●","")) | X76: =IF($C76="Milestone",IF(AND(X$7<=$I76,X$7+6>=$I76),"◆",""),IF(AND($C76="Task",$M76<>"",X$7<=IF($N76="",$D$4,$N76),X$7+6>=$M76),"●","")) | Y76: =IF($C76="Milestone",IF(AND(Y$7<=$I76,Y$7+6>=$I76),"◆",""),IF(AND($C76="Task",$M76<>"",Y$7<=IF($N76="",$D$4,$N76),Y$7+6>=$M76),"●","")) | Z76: =IF($C76="Milestone",IF(AND(Z$7<=$I76,Z$7+6>=$I76),"◆",""),IF(AND($C76="Task",$M76<>"",Z$7<=IF($N76="",$D$4,$N76),Z$7+6>=$M76),"●","")) | AA76: =IF($C76="Milestone",IF(AND(AA$7<=$I76,AA$7+6>=$I76),"◆",""),IF(AND($C76="Task",$M76<>"",AA$7<=IF($N76="",$D$4,$N76),AA$7+6>=$M76),"●","")) | AB76: =IF($C76="Milestone",IF(AND(AB$7<=$I76,AB$7+6>=$I76),"◆",""),IF(AND($C76="Task",$M76<>"",AB$7<=IF($N76="",$D$4,$N76),AB$7+6>=$M76),"●","")) | ... AZ76: =IF($C76="Milestone",IF(AND(AZ$7<=$I76,AZ$7+6>=$I76),"◆",""),IF(AND($C76="Task",$M76<>"",AZ$7<=IF($N76="",$D$4,$N76),AZ$7+6>=$M76),"●",""))
A77: D1 | B77: Demonstration: rehearsal, recorded backup, results poster | C77: Task | E77: W7 | F77: Yes | G77: 46503 | H77: 46514 | I77: 46475 | J77: 46514 | K77: =IF(C77="Task",ROUND((J77-I77+3)/7,0),"") -> 6 | L77: 0 | P77: =IF(C77="Break","",IF(C77="Milestone",IF(N77<>"","Done",IF($D$4>J77,"Overdue","Upcoming")),IF(N(O77)>=1,"Done",IF($D$4<I77,"Not started",IF($D$4>J77,"Late",IF(N(O77)+0.1<($D$4-I77+1)/(J77-I77+1),"Behind","On track")))))) -> Not started | Q77: =IF(C77="Break","",ROUND((IF(N77<>"",N77,J77)-H77)/7,1)) -> 0 | R77: =IF(C77="Milestone",IF(N77<>"","✓",""),IF(AND(C77="Task",N(O77)>=1),"✓","")) | S77: =IF(C77="Task",K77*N(O77),"") -> 0 | U77: =IF($C77="Milestone",IF(AND(U$7<=$I77,U$7+6>=$I77),"◆",""),IF(AND($C77="Task",$M77<>"",U$7<=IF($N77="",$D$4,$N77),U$7+6>=$M77),"●","")) | V77: =IF($C77="Milestone",IF(AND(V$7<=$I77,V$7+6>=$I77),"◆",""),IF(AND($C77="Task",$M77<>"",V$7<=IF($N77="",$D$4,$N77),V$7+6>=$M77),"●","")) | W77: =IF($C77="Milestone",IF(AND(W$7<=$I77,W$7+6>=$I77),"◆",""),IF(AND($C77="Task",$M77<>"",W$7<=IF($N77="",$D$4,$N77),W$7+6>=$M77),"●","")) | X77: =IF($C77="Milestone",IF(AND(X$7<=$I77,X$7+6>=$I77),"◆",""),IF(AND($C77="Task",$M77<>"",X$7<=IF($N77="",$D$4,$N77),X$7+6>=$M77),"●","")) | Y77: =IF($C77="Milestone",IF(AND(Y$7<=$I77,Y$7+6>=$I77),"◆",""),IF(AND($C77="Task",$M77<>"",Y$7<=IF($N77="",$D$4,$N77),Y$7+6>=$M77),"●","")) | Z77: =IF($C77="Milestone",IF(AND(Z$7<=$I77,Z$7+6>=$I77),"◆",""),IF(AND($C77="Task",$M77<>"",Z$7<=IF($N77="",$D$4,$N77),Z$7+6>=$M77),"●","")) | AA77: =IF($C77="Milestone",IF(AND(AA$7<=$I77,AA$7+6>=$I77),"◆",""),IF(AND($C77="Task",$M77<>"",AA$7<=IF($N77="",$D$4,$N77),AA$7+6>=$M77),"●","")) | AB77: =IF($C77="Milestone",IF(AND(AB$7<=$I77,AB$7+6>=$I77),"◆",""),IF(AND($C77="Task",$M77<>"",AB$7<=IF($N77="",$D$4,$N77),AB$7+6>=$M77),"●","")) | ... AZ77: =IF($C77="Milestone",IF(AND(AZ$7<=$I77,AZ$7+6>=$I77),"◆",""),IF(AND($C77="Task",$M77<>"",AZ$7<=IF($N77="",$D$4,$N77),AZ$7+6>=$M77),"●",""))
A78: D2 | B78: Demonstration (confirm date on Blackboard) | C78: Milestone | E78: D1 | F78: Yes | G78: 46517 | H78: 46517 | I78: 46517 | J78: 46517 | K78: =IF(C78="Task",ROUND((J78-I78+3)/7,0),"") | P78: =IF(C78="Break","",IF(C78="Milestone",IF(N78<>"","Done",IF($D$4>J78,"Overdue","Upcoming")),IF(N(O78)>=1,"Done",IF($D$4<I78,"Not started",IF($D$4>J78,"Late",IF(N(O78)+0.1<($D$4-I78+1)/(J78-I78+1),"Behind","On track")))))) -> Upcoming | Q78: =IF(C78="Break","",ROUND((IF(N78<>"",N78,J78)-H78)/7,1)) -> 0 | R78: =IF(C78="Milestone",IF(N78<>"","✓",""),IF(AND(C78="Task",N(O78)>=1),"✓","")) | S78: =IF(C78="Task",K78*N(O78),"") | U78: =IF($C78="Milestone",IF(AND(U$7<=$I78,U$7+6>=$I78),"◆",""),IF(AND($C78="Task",$M78<>"",U$7<=IF($N78="",$D$4,$N78),U$7+6>=$M78),"●","")) | V78: =IF($C78="Milestone",IF(AND(V$7<=$I78,V$7+6>=$I78),"◆",""),IF(AND($C78="Task",$M78<>"",V$7<=IF($N78="",$D$4,$N78),V$7+6>=$M78),"●","")) | W78: =IF($C78="Milestone",IF(AND(W$7<=$I78,W$7+6>=$I78),"◆",""),IF(AND($C78="Task",$M78<>"",W$7<=IF($N78="",$D$4,$N78),W$7+6>=$M78),"●","")) | X78: =IF($C78="Milestone",IF(AND(X$7<=$I78,X$7+6>=$I78),"◆",""),IF(AND($C78="Task",$M78<>"",X$7<=IF($N78="",$D$4,$N78),X$7+6>=$M78),"●","")) | Y78: =IF($C78="Milestone",IF(AND(Y$7<=$I78,Y$7+6>=$I78),"◆",""),IF(AND($C78="Task",$M78<>"",Y$7<=IF($N78="",$D$4,$N78),Y$7+6>=$M78),"●","")) | Z78: =IF($C78="Milestone",IF(AND(Z$7<=$I78,Z$7+6>=$I78),"◆",""),IF(AND($C78="Task",$M78<>"",Z$7<=IF($N78="",$D$4,$N78),Z$7+6>=$M78),"●","")) | AA78: =IF($C78="Milestone",IF(AND(AA$7<=$I78,AA$7+6>=$I78),"◆",""),IF(AND($C78="Task",$M78<>"",AA$7<=IF($N78="",$D$4,$N78),AA$7+6>=$M78),"●","")) | AB78: =IF($C78="Milestone",IF(AND(AB$7<=$I78,AB$7+6>=$I78),"◆",""),IF(AND($C78="Task",$M78<>"",AB$7<=IF($N78="",$D$4,$N78),AB$7+6>=$M78),"●","")) | ... AZ78: =IF($C78="Milestone",IF(AND(AZ$7<=$I78,AZ$7+6>=$I78),"◆",""),IF(AND($C78="Task",$M78<>"",AZ$7<=IF($N78="",$D$4,$N78),AZ$7+6>=$M78),"●",""))
B80: Legend
B81: Critical path (any slip delays the project)
B82: Non-critical task
B83: Float (slack): can slip this far without delaying anything
B84: Christmas and exams (no project work)
B85: Current week
A86: ● | B86: Actual work: drawn from your actual start date to your actual end date (or today)
A87: ◆ | B87: Milestone (the date in Planned start/end)
B88: Yellow cells are yours to fill in; everything else updates by itself
B89: Baseline = the official plan (never edit). Planned = my ahead-of-schedule targets (aim: O8 done 5 weeks early). Negative slip = weeks ahead.

Sheet Change log
A1: Change log: every slip or re-plan, for the mid-term review
A2: The handbook asks for the original and revised plan, with slippages and how changes were decided. Add a row each time you move a planned date.
A4: Date | B4: Task ID | C4: Task | D4: Old planned end | E4: New planned end | F4: Slip (days) | G4: Reason | H4: Decision and who agreed it | I4: Logbook page
A5: 46318 | B5: PM1 | C5: =IF(B5="","",IFERROR(INDEX(Gantt!$B$8:$B$78,MATCH(B5,Gantt!$A$8:$A$78,0)),"check ID")) -> Proposal review | D5: 46316 | E5: 46316 | F5: =IF(OR(D5="",E5=""),"",E5-D5) -> 0 | G5: Example row: no change, proposal review held as planned | H5: None needed
C6: =IF(B6="","",IFERROR(INDEX(Gantt!$B$8:$B$78,MATCH(B6,Gantt!$A$8:$A$78,0)),"check ID")) | F6: =IF(OR(D6="",E6=""),"",E6-D6)
C7: =IF(B7="","",IFERROR(INDEX(Gantt!$B$8:$B$78,MATCH(B7,Gantt!$A$8:$A$78,0)),"check ID")) | F7: =IF(OR(D7="",E7=""),"",E7-D7)
C8: =IF(B8="","",IFERROR(INDEX(Gantt!$B$8:$B$78,MATCH(B8,Gantt!$A$8:$A$78,0)),"check ID")) | F8: =IF(OR(D8="",E8=""),"",E8-D8)
C9: =IF(B9="","",IFERROR(INDEX(Gantt!$B$8:$B$78,MATCH(B9,Gantt!$A$8:$A$78,0)),"check ID")) | F9: =IF(OR(D9="",E9=""),"",E9-D9)
C10: =IF(B10="","",IFERROR(INDEX(Gantt!$B$8:$B$78,MATCH(B10,Gantt!$A$8:$A$78,0)),"check ID")) | F10: =IF(OR(D10="",E10=""),"",E10-D10)
C11: =IF(B11="","",IFERROR(INDEX(Gantt!$B$8:$B$78,MATCH(B11,Gantt!$A$8:$A$78,0)),"check ID")) | F11: =IF(OR(D11="",E11=""),"",E11-D11)
C12: =IF(B12="","",IFERROR(INDEX(Gantt!$B$8:$B$78,MATCH(B12,Gantt!$A$8:$A$78,0)),"check ID")) | F12: =IF(OR(D12="",E12=""),"",E12-D12)
C13: =IF(B13="","",IFERROR(INDEX(Gantt!$B$8:$B$78,MATCH(B13,Gantt!$A$8:$A$78,0)),"check ID")) | F13: =IF(OR(D13="",E13=""),"",E13-D13)
C14: =IF(B14="","",IFERROR(INDEX(Gantt!$B$8:$B$78,MATCH(B14,Gantt!$A$8:$A$78,0)),"check ID")) | F14: =IF(OR(D14="",E14=""),"",E14-D14)
C15: =IF(B15="","",IFERROR(INDEX(Gantt!$B$8:$B$78,MATCH(B15,Gantt!$A$8:$A$78,0)),"check ID")) | F15: =IF(OR(D15="",E15=""),"",E15-D15)
C16: =IF(B16="","",IFERROR(INDEX(Gantt!$B$8:$B$78,MATCH(B16,Gantt!$A$8:$A$78,0)),"check ID")) | F16: =IF(OR(D16="",E16=""),"",E16-D16)
C17: =IF(B17="","",IFERROR(INDEX(Gantt!$B$8:$B$78,MATCH(B17,Gantt!$A$8:$A$78,0)),"check ID")) | F17: =IF(OR(D17="",E17=""),"",E17-D17)
... C44: =IF(B44="","",IFERROR(INDEX(Gantt!$B$8:$B$78,MATCH(B44,Gantt!$A$8:$A$78,0)),"check ID")) | F44: =IF(OR(D44="",E44=""),"",E44-D44)
